n_genes,percent_mito,n_counts,louvain
781,0.030177759,2419,CD4 T
1352,0.037935957,4903,B CELLS
1131,0.008897362,3147,CD4 T
960,0.017430846,2639,CD14+ Monocytes
522,0.012244898,980,NK CELLS
782,0.01664355,2163,CD4 T
783,0.03816092,2175,CD4 T
790,0.030973451,2260,CD8 T
533,0.011764706,1275,CD8 T
550,0.029011786,1103,FCGR3A+ Monocytes
1116,0.02631579,3914,B CELLS
751,0.010887772,2388,CD4 T
866,0.010788382,2410,CD4 T
1059,0.014177382,3033,CD14+ Monocytes
458,0.023457862,1151,CD8 T
335,0.0239899,792,CD4 T
1424,0.013961606,4584,CD14+ Monocytes
1014,0.017076503,2928,CD4 T
1446,0.015282526,4973,B CELLS
446,0.034700315,1268,B CELLS
1020,0.025906736,3281,B CELLS
417,0.015426497,1102,CD4 T
878,0.024972046,2683,CD14+ Monocytes
789,0.01164295,2319,B CELLS
510,0.019830028,1412,CD4 T
824,0.0225,2800,CD4 T
1545,0.024312897,5676,CD4 T
996,0.017564066,3473,CD4 T
937,0.018498754,2811,CD4 T
1368,0.045784883,4128,FCGR3A+ Monocytes
428,0.019895287,955,CD8 T
406,0.01703163,822,B CELLS
1020,0.019326683,3208,CD14+ Monocytes
786,0.00625,1760,CD4 T
1019,0.019195944,2761,CD14+ Monocytes
750,0.022262774,2740,CD4 T
822,0.01986755,2567,CD14+ Monocytes
982,0.021892894,2969,FCGR3A+ Monocytes
876,0.024848891,2978,CD4 T
930,0.01438849,2641,NK CELLS
838,0.021213407,2357,CD8 T
1014,0.014951627,3411,CD8 T
732,0.014233242,2178,CD4 T
877,0.017113095,2688,CD4 T
782,0.029942965,2104,CD4 T
787,0.00889383,1799,CD4 T
791,0.010270065,2629,CD4 T
880,0.022368422,2280,CD14+ Monocytes
801,0.02413273,2652,CD4 T
1215,0.027458671,3569,FCGR3A+ Monocytes
343,0.024709303,688,CD14+ Monocytes
1460,0.031628106,4711,FCGR3A+ Monocytes
1250,0.027864583,3840,FCGR3A+ Monocytes
756,0.011096885,2343,CD4 T
836,0.036617264,2294,CD4 T
824,0.020896656,2632,B CELLS
827,0.025719268,2294,CD14+ Monocytes
1238,0.016519174,3390,CD4 T
1243,0.034802202,3994,CD14+ Monocytes
1652,0.015839493,5682,CD14+ Monocytes
843,0.026542056,2675,CD4 T
825,0.025261639,2771,CD4 T
656,0.047351524,1246,NK CELLS
776,0.016949153,1947,FCGR3A+ Monocytes
766,0.01300578,2076,CD4 T
1465,0.019709768,4617,FCGR3A+ Monocytes
790,0.015136719,2048,CD4 T
871,0.021989906,2774,CD4 T
803,0.026866714,2866,CD4 T
965,0.014074837,2913,CD4 T
800,0.021982415,2502,CD4 T
876,0.014099217,1915,NK CELLS
690,0.027739251,1442,CD4 T
988,0.020018622,2148,NK CELLS
906,0.024468085,2820,CD4 T
741,0.020772947,2070,B CELLS
620,0.024624625,1665,CD4 T
867,0.012422361,1932,CD4 T
916,0.014961726,2874,CD4 T
969,0.03147793,2605,CD14+ Monocytes
803,0.015080113,2122,CD14+ Monocytes
732,0.036413044,1840,CD8 T
555,0.02404965,1289,CD14+ Monocytes
790,0.009990485,2102,CD4 T
862,0.021926053,2326,CD14+ Monocytes
900,0.026552463,2335,B CELLS
674,0.021995708,1864,CD4 T
397,0.014102564,780,CD4 T
663,0.020876827,1437,B CELLS
563,0.018666666,1125,B CELLS
786,0.012532411,2314,CD4 T
859,0.02468601,2309,CD14+ Monocytes
568,0.020817844,1345,B CELLS
412,0.025056947,878,B CELLS
1043,0.017008986,3116,CD14+ Monocytes
1206,0.03931326,4019,CD14+ Monocytes
702,0.017005196,2117,CD4 T
1263,0.014785608,4058,CD14+ Monocytes
929,0.02570601,2762,CD14+ Monocytes
1079,0.017635532,3062,Dendritic
938,0.02457218,2279,NK CELLS
316,0.02647975,642,CD14+ Monocytes
900,0.023002421,2478,CD4 T
919,0.022140222,2168,CD8 T
862,0.017220903,1684,NK CELLS
903,0.027202472,3235,B CELLS
390,0.00124533,803,CD8 T
1717,0.02356574,6153,B CELLS
819,0.01447178,2764,CD4 T
1877,0.014014723,7064,Dendritic
660,0.014983714,1535,CD14+ Monocytes
791,0.010900474,2110,CD4 T
478,0.03524229,908,CD4 T
769,0.017887088,1789,CD4 T
481,0.020057306,1047,CD14+ Monocytes
819,0.017126545,2102,FCGR3A+ Monocytes
866,0.01596934,3131,CD4 T
600,0.018072288,1494,B CELLS
1185,0.015267176,3668,FCGR3A+ Monocytes
650,0.039100684,2046,CD4 T
775,0.009156627,2075,CD8 T
699,0.02459893,1870,CD14+ Monocytes
642,0.01861252,1773,B CELLS
857,0.024737945,2385,CD8 T
832,0.03904136,2587,CD4 T
388,0.008273009,967,CD4 T
710,0.021878336,1874,CD14+ Monocytes
341,0.006069803,659,B CELLS
894,0.018572258,1723,NK CELLS
935,0.01845586,3251,CD4 T
604,0.024294157,1523,CD4 T
1008,0.018408552,3368,CD4 T
985,0.023765996,3282,CD4 T
679,0.0304679,1838,CD8 T
603,0.020356234,1572,B CELLS
864,0.019708654,2334,CD14+ Monocytes
1031,0.029411765,3264,CD4 T
887,0.023559261,2759,CD4 T
603,0.013092269,1604,CD4 T
610,0.022,1500,B CELLS
1119,0.015714718,3309,CD4 T
669,0.010315186,1745,CD8 T
794,0.019283747,1815,NK CELLS
963,0.01565762,2874,B CELLS
756,0.036002148,1861,CD8 T
637,0.022649279,1457,CD8 T
1032,0.014978602,2804,B CELLS
776,0.025409836,2440,CD4 T
860,0.023687327,2533,CD14+ Monocytes
825,0.012549914,1753,NK CELLS
852,0.021505376,1953,CD8 T
745,0.019535376,1894,CD4 T
858,0.019759784,2581,CD4 T
925,0.022109918,3166,CD4 T
1228,0.021390375,3553,CD14+ Monocytes
806,0.008383791,2147,CD4 T
715,0.016032983,2183,CD4 T
668,0.018139264,1709,NK CELLS
779,0.00729927,1918,CD8 T
1197,0.020051746,3092,CD14+ Monocytes
888,0.016050244,2866,B CELLS
1273,0.021209387,4432,Dendritic
873,0.020683452,2224,B CELLS
847,0.03277311,2380,CD14+ Monocytes
781,0.025536261,1958,CD8 T
959,0.023707606,3037,B CELLS
805,0.019918514,2209,CD4 T
554,0.048211507,1286,CD4 T
604,0.049710024,1207,CD4 T
785,0.026610645,2142,CD4 T
978,0.005579258,3047,CD4 T
910,0.016561277,3321,CD4 T
936,0.019722424,2738,CD4 T
997,0.015025042,2995,CD14+ Monocytes
961,0.017215569,2672,CD4 T
1314,0.018847007,4510,Dendritic
799,0.011682243,2568,CD4 T
1112,0.009235209,3465,CD4 T
677,0.03583815,1730,B CELLS
775,0.023902168,1799,B CELLS
1298,0.030982368,3970,FCGR3A+ Monocytes
657,0.01724138,1972,B CELLS
626,0.02478929,2017,CD4 T
1313,0.026380068,4094,FCGR3A+ Monocytes
467,0.028301887,954,CD14+ Monocytes
936,0.02622528,2326,NK CELLS
977,0.01761745,2384,NK CELLS
780,0.018060837,2104,CD4 T
1311,0.03185328,4144,CD14+ Monocytes
432,0.04435058,947,CD4 T
579,0.044389643,1622,B CELLS
850,0.014680483,2316,CD4 T
736,0.034688346,1845,B CELLS
800,0.02172908,2163,CD8 T
892,0.018726591,1869,NK CELLS
860,0.022266205,2021,CD8 T
720,0.01300905,1768,CD8 T
822,0.013842747,1806,NK CELLS
681,0.015758371,1523,CD4 T
954,0.027710257,2057,CD8 T
889,0.03457217,2314,CD14+ Monocytes
1265,0.019172829,3651,CD8 T
919,0.016883116,2310,CD8 T
799,0.031352364,2137,CD4 T
833,0.010095911,1981,CD4 T
496,0.018164435,1046,CD14+ Monocytes
1476,0.020311441,4431,FCGR3A+ Monocytes
848,0.010267694,2727,CD4 T
869,0.03154574,2219,CD8 T
1059,0.012732095,1885,NK CELLS
490,0.02281746,1008,CD4 T
897,0.010154739,2068,CD8 T
832,0.011568719,2161,CD8 T
864,0.041295167,2131,CD8 T
419,0.022845276,963,CD4 T
856,0.022437308,2273,CD14+ Monocytes
907,0.019184653,2502,CD14+ Monocytes
791,0.012009238,2165,CD4 T
756,0.027480206,2147,B CELLS
771,0.011730205,2046,CD4 T
957,0.016151685,2848,CD4 T
1190,0.016689098,3715,CD14+ Monocytes
680,0.014191107,2114,CD4 T
524,0.032258064,1457,CD4 T
908,0.012254902,2856,CD4 T
506,0.017006803,1176,CD4 T
851,0.016205534,2530,CD4 T
775,0.024793388,1936,CD8 T
793,0.023749368,1979,CD4 T
748,0.035856575,2008,CD4 T
951,0.014791748,2569,CD4 T
643,0.03352601,1730,B CELLS
1277,0.032049626,3869,FCGR3A+ Monocytes
828,0.009001637,2444,CD4 T
480,0.027800491,1223,CD14+ Monocytes
969,0.019033674,3415,CD4 T
1112,0.007751938,2709,CD4 T
648,0.02003643,1647,CD4 T
805,0.02112676,1704,CD8 T
1223,0.014879282,3562,FCGR3A+ Monocytes
1023,0.011092437,2975,CD4 T
669,0.028890016,1973,B CELLS
489,0.027383367,986,CD14+ Monocytes
390,0.02433372,863,CD4 T
350,0.012589928,556,Megakaryocytes
1113,0.03133705,2872,CD14+ Monocytes
837,0.01884422,2388,CD4 T
1547,0.020599928,5534,CD14+ Monocytes
840,0.004408818,2495,CD4 T
581,0.02917772,1508,B CELLS
748,0.00741771,2157,CD4 T
1861,0.014302153,6083,Dendritic
735,0.022003474,1727,CD4 T
488,0.018488746,1244,B CELLS
1016,0.02636204,2845,CD14+ Monocytes
585,0.028413028,1443,FCGR3A+ Monocytes
797,0.015495868,1936,CD4 T
769,0.022012578,1908,B CELLS
490,0.02605042,1190,B CELLS
1307,0.027613413,4056,FCGR3A+ Monocytes
895,0.010721649,2425,CD4 T
686,0.02571269,1789,CD4 T
602,0.022930648,1788,CD4 T
772,0.029979674,1968,CD8 T
704,0.037426133,1523,Megakaryocytes
892,0.028892456,1869,NK CELLS
1169,0.022258593,3055,CD14+ Monocytes
1375,0.033059847,4144,CD14+ Monocytes
1189,0.017050067,3695,FCGR3A+ Monocytes
892,0.013264129,1734,CD8 T
2455,0.015774649,8875,Megakaryocytes
355,0.010062893,795,CD4 T
1856,0.033418294,7062,B CELLS
1317,0.02060844,4076,FCGR3A+ Monocytes
703,0.030333167,2011,CD4 T
825,0.016469745,2793,B CELLS
736,0.027225584,2314,CD4 T
1997,0.014631685,7928,Dendritic
892,0.02501813,2758,CD4 T
1034,0.023918742,3052,CD8 T
545,0.018297534,1257,B CELLS
1188,0.015750207,3619,B CELLS
659,0.009351621,1604,NK CELLS
1056,0.019902121,3065,CD14+ Monocytes
819,0.020489978,2245,CD4 T
979,0.018237082,2632,CD4 T
632,0.034246575,1606,CD8 T
598,0.026079869,1227,NK CELLS
690,0.021339657,1687,B CELLS
310,0,602,CD14+ Monocytes
803,0.022737404,2243,CD14+ Monocytes
743,0.008866075,2143,CD4 T
560,0.022686025,1102,CD4 T
1073,0.030303031,2772,FCGR3A+ Monocytes
844,0.02055921,2432,CD4 T
882,0.022666154,2603,B CELLS
841,0.016324626,2144,CD8 T
815,0.027038446,2367,CD4 T
771,0.023126734,2162,CD4 T
976,0.010747185,1954,NK CELLS
986,0.018570103,2154,NK CELLS
820,0.039051604,2151,FCGR3A+ Monocytes
957,0.02870264,2613,CD14+ Monocytes
640,0.027811367,1654,B CELLS
1012,0.018252933,3068,CD8 T
927,0.025125628,2388,CD4 T
794,0.018934911,2535,CD4 T
753,0.026809651,1865,CD4 T
791,0.023148147,1944,CD8 T
366,0.04197531,810,CD4 T
539,0.022258863,1213,CD8 T
752,0.024376417,1764,CD14+ Monocytes
769,0.038157284,2149,B CELLS
650,0.022610484,1946,B CELLS
947,0.013661202,2196,CD4 T
771,0.023513753,2254,CD4 T
824,0.009866798,2027,CD4 T
744,0.01750547,1828,B CELLS
837,0.021698983,2166,CD4 T
723,0.024096385,1909,CD14+ Monocytes
640,0.014925373,1541,CD4 T
923,0.035020936,2627,CD14+ Monocytes
1174,0.02423508,3301,CD14+ Monocytes
1597,0.018603466,3924,NK CELLS
699,0.03409091,1584,CD14+ Monocytes
618,0.025,1600,B CELLS
1418,0.026301268,5437,Dendritic
820,0.018989746,2633,CD4 T
1047,0.015467384,2974,FCGR3A+ Monocytes
981,0.03186504,2134,NK CELLS
866,0.013786765,2176,CD4 T
527,0.037037037,1080,CD4 T
762,0.016268428,1967,CD4 T
717,0.01920439,2187,CD4 T
860,0.04014434,2217,CD8 T
603,0.024602026,1382,CD14+ Monocytes
828,0.02247191,1780,NK CELLS
476,0.012369173,1051,B CELLS
1071,0.015005359,2799,CD14+ Monocytes
775,0.015631601,2367,CD4 T
614,0.014206788,1267,CD8 T
913,0.020930232,2580,CD14+ Monocytes
836,0.01920439,2187,CD4 T
669,0.02660754,1804,CD4 T
942,0.013759611,2471,CD4 T
792,0.023941856,2339,CD4 T
871,0.013636364,1980,CD8 T
1046,0.017006803,3528,CD4 T
859,0.030761719,2048,CD8 T
793,0.016651666,2222,CD4 T
822,0.005558129,2159,CD4 T
751,0.014981274,1869,B CELLS
435,0.019821605,1009,CD14+ Monocytes
1142,0.020820575,3266,CD4 T
781,0.016465422,1822,CD14+ Monocytes
718,0.011217949,1872,CD14+ Monocytes
471,0.029126214,1236,CD4 T
1750,0.017435897,5850,CD4 T
892,0.019265722,2751,CD4 T
841,0.03553038,1942,CD8 T
1156,0.017896475,3632,FCGR3A+ Monocytes
1031,0.017548257,3989,B CELLS
912,0.016037736,2120,CD8 T
873,0.040875074,1737,NK CELLS
824,0.020531401,1656,NK CELLS
1233,0.021049324,3183,CD8 T
1312,0.022902494,4410,B CELLS
575,0.03251388,1261,CD14+ Monocytes
605,0.02291918,1658,CD4 T
717,0.022648083,2296,CD4 T
1019,0.028713223,2821,Dendritic
1215,0.015625,3264,FCGR3A+ Monocytes
928,0.009196322,2501,CD4 T
1780,0.030834565,5416,CD8 T
657,0.011146497,1256,NK CELLS
718,0.013030888,2072,CD4 T
646,0.043504532,1655,B CELLS
808,0.016048145,1994,B CELLS
1120,0.028981507,3623,CD14+ Monocytes
750,0.017639903,1644,CD8 T
390,0.001264223,791,FCGR3A+ Monocytes
1100,0.023487773,3108,CD14+ Monocytes
456,0.012195122,1148,CD4 T
755,0.011402027,2368,CD4 T
1118,0.013999363,3143,CD14+ Monocytes
571,0.028711485,1428,B CELLS
867,0.02019199,3021,CD4 T
728,0.016276704,1966,CD14+ Monocytes
916,0.017030336,1879,NK CELLS
491,0.025510205,980,B CELLS
960,0.017321786,3002,CD4 T
625,0.021566402,1762,CD4 T
1090,0.009994447,3602,CD4 T
772,0.010238908,2051,CD8 T
968,0.010746085,3257,CD4 T
480,0.041374475,1426,CD4 T
810,0.013022003,2227,CD4 T
725,0.017019082,1939,CD14+ Monocytes
1016,0.020463321,2590,CD14+ Monocytes
1011,0.029716194,2995,CD4 T
1075,0.018782608,2875,CD8 T
808,0.012785388,2190,CD4 T
672,0.031002639,1516,B CELLS
950,0.041955616,2884,CD14+ Monocytes
862,0.04148082,2242,FCGR3A+ Monocytes
766,0.0343189,1894,CD8 T
963,0.027147766,2910,CD4 T
507,0.028417818,1302,B CELLS
570,0.03211352,1339,B CELLS
678,0.023833672,1972,CD4 T
768,0.02866861,2058,CD14+ Monocytes
1037,0.03650935,3369,B CELLS
885,0.015825491,2338,CD4 T
1426,0.013585917,5226,CD14+ Monocytes
1496,0.03557843,4469,FCGR3A+ Monocytes
587,0.019157087,1566,CD4 T
879,0.01977066,2529,CD4 T
924,0.015088013,3579,CD4 T
783,0.02110139,1943,CD8 T
696,0.03243574,1634,B CELLS
1057,0.015057573,2258,NK CELLS
783,0.04821803,2385,CD4 T
867,0.01187447,2358,B CELLS
919,0.010029252,2393,CD8 T
1251,0.014485637,4073,CD14+ Monocytes
1023,0.011725294,2985,CD14+ Monocytes
727,0.011963024,1839,B CELLS
645,0.027369827,1498,B CELLS
1217,0.023231803,3874,FCGR3A+ Monocytes
929,0.008403362,2499,CD4 T
792,0.027285129,2199,CD14+ Monocytes
994,0.02595978,2735,CD14+ Monocytes
1025,0.031965442,2315,NK CELLS
946,0.022615131,2432,CD4 T
600,0.02093596,1624,CD4 T
881,0.009160305,2620,CD4 T
975,0.00914236,2297,CD4 T
1609,0.02194601,5149,Dendritic
758,0.018552875,2156,CD4 T
772,0.023754345,1726,CD4 T
682,0.01658222,2171,B CELLS
998,0.039519567,2581,CD14+ Monocytes
979,0.017455522,2979,CD4 T
1045,0.013669065,2780,CD14+ Monocytes
706,0.020866774,1869,CD8 T
808,0.015991472,1876,FCGR3A+ Monocytes
855,0.017966362,2616,CD4 T
819,0.022188604,1983,CD8 T
1147,0.010729614,3728,CD4 T
742,0.014578587,2195,CD4 T
914,0.042822886,2919,CD4 T
969,0.025974026,3003,CD4 T
704,0.016689846,2157,CD4 T
1398,0.014134276,4811,FCGR3A+ Monocytes
581,0.025118805,1473,B CELLS
809,0.016696481,1677,NK CELLS
921,0.026777176,3137,CD4 T
805,0.014184397,2115,CD4 T
542,0.019521412,1588,CD4 T
888,0.02189781,1918,CD8 T
519,0.012509774,1279,CD4 T
1092,0.016442452,2676,CD4 T
762,0.014714205,1767,CD4 T
698,0.01616738,2103,CD4 T
752,0.016328331,2266,CD4 T
771,0.015158271,2243,CD4 T
899,0.019397441,2423,CD4 T
1101,0.019824505,3077,CD14+ Monocytes
760,0.02096519,2528,CD4 T
881,0.014590348,2673,CD4 T
1124,0.037636083,3215,FCGR3A+ Monocytes
809,0.018973695,2319,CD4 T
445,0.044358727,1037,CD14+ Monocytes
1703,0.0295472,5212,CD4 T
789,0.020632133,2278,CD4 T
641,0.03617571,1548,CD4 T
819,0.016386183,2258,CD4 T
890,0.03125,2112,CD8 T
767,0.015978176,2566,B CELLS
806,0.006918574,1879,CD4 T
1323,0.029411765,3842,FCGR3A+ Monocytes
942,0.018747142,2187,CD8 T
807,0.027848102,1975,CD4 T
981,0.013237519,2644,CD4 T
888,0.023942538,2506,CD4 T
726,0.01618614,1977,CD4 T
1190,0.011105746,4142,CD4 T
826,0.010703363,1962,CD8 T
661,0.011647254,1803,B CELLS
713,0.022127053,1401,NK CELLS
816,0.02781899,2696,CD4 T
822,0.03767442,2150,CD8 T
806,0.00795053,2264,CD4 T
864,0.020519262,2388,CD4 T
464,0.006644518,1204,CD4 T
664,0.021551725,1856,CD4 T
931,0.015345269,1955,NK CELLS
860,0.013109978,2746,CD4 T
674,0.038976148,1719,CD8 T
803,0.010656198,1783,CD8 T
464,0.008024072,997,CD4 T
788,0.016121153,2047,CD4 T
1068,0.02445194,3558,CD14+ Monocytes
781,0.04474829,1609,CD4 T
843,0.024674742,2229,B CELLS
779,0.021235522,2072,CD14+ Monocytes
873,0.01820604,2252,CD8 T
707,0.02173913,1794,CD14+ Monocytes
492,0.032432433,925,B CELLS
669,0.020176545,1586,CD8 T
982,0.020879121,2730,CD14+ Monocytes
749,0.014756518,2033,CD8 T
789,0.013748484,2473,CD4 T
780,0.01291866,2090,B CELLS
561,0.01857355,1346,CD14+ Monocytes
655,0.014447236,1592,CD14+ Monocytes
432,0.023396881,1154,CD4 T
801,0.016597511,1928,CD4 T
945,0.009678534,2893,CD4 T
770,0.023484435,1831,NK CELLS
503,0.025080906,1236,B CELLS
766,0.014799154,1892,CD4 T
776,0.016345348,2386,CD4 T
970,0.012675117,2998,CD4 T
989,0.012275193,3503,CD4 T
654,0.01871491,1603,B CELLS
762,0.04869762,1766,CD8 T
882,0.015511391,2063,CD8 T
1236,0.027848102,3555,FCGR3A+ Monocytes
1499,0.03210597,4454,FCGR3A+ Monocytes
626,0.00877193,1824,CD4 T
1380,0.014527845,3717,NK CELLS
1170,0.01665153,3303,CD4 T
491,0.03165183,1011,CD4 T
833,0.019076305,1992,CD8 T
924,0.014893618,2820,CD8 T
581,0.019473081,1746,CD4 T
842,0.01575179,2095,CD4 T
596,0.0232859,1546,CD4 T
811,0.007619902,2231,CD4 T
542,0.009243698,1190,CD14+ Monocytes
1572,0.033262834,5201,FCGR3A+ Monocytes
758,0.01858736,2421,CD4 T
854,0.035747882,2126,CD8 T
274,0.007541478,663,Megakaryocytes
1413,0.030877342,4696,FCGR3A+ Monocytes
872,0.009447166,2858,CD4 T
559,0.02293578,1308,CD4 T
907,0.012265513,2772,CD14+ Monocytes
951,0.02714333,3021,CD4 T
1175,0.016284848,3623,CD14+ Monocytes
946,0.00574988,2087,CD4 T
905,0.029350106,2862,CD4 T
737,0.024509804,1632,CD14+ Monocytes
604,0.028169014,1278,CD8 T
843,0.01946472,2877,CD4 T
606,0.02437276,1395,CD4 T
1079,0.011512505,2519,CD8 T
668,0.017703349,2090,CD4 T
785,0.033505153,1940,NK CELLS
726,0.005365854,2050,CD4 T
978,0.0184,2500,B CELLS
941,0.03668152,2917,CD4 T
994,0.030479606,2231,CD14+ Monocytes
655,0.028742515,1670,CD4 T
1013,0.023330137,3129,CD4 T
987,0.014414415,2775,CD4 T
591,0.03052503,1638,CD4 T
1041,0.006107906,2947,CD4 T
625,0.016666668,1560,B CELLS
582,0.024372231,1354,FCGR3A+ Monocytes
814,0.03465982,2337,CD4 T
570,0.019494586,1385,B CELLS
775,0.005536627,2348,CD4 T
822,0.012206148,2212,CD4 T
715,0.025515744,1842,CD14+ Monocytes
738,0.016783217,2145,CD4 T
956,0.020739717,2893,CD14+ Monocytes
1178,0.024201356,4132,Dendritic
743,0.033565547,1579,NK CELLS
1861,0.022948328,6580,Dendritic
841,0.018978762,2213,CD14+ Monocytes
944,0.022279985,2693,CD4 T
783,0.021606388,2129,CD14+ Monocytes
643,0.026887871,1748,CD4 T
924,0.020297209,2759,CD4 T
936,0.013873776,3676,CD4 T
431,0.04104903,877,CD14+ Monocytes
490,0.022072937,1042,CD14+ Monocytes
532,0.03127572,1215,B CELLS
524,0.02173913,1472,B CELLS
620,0.034741145,1468,CD14+ Monocytes
749,0.04527363,2010,CD14+ Monocytes
1334,0.02169537,4471,CD14+ Monocytes
834,0.021631643,1618,NK CELLS
790,0.018357044,2179,CD4 T
702,0.026861452,2122,CD4 T
892,0.020029133,2746,B CELLS
693,0.026743075,2094,CD4 T
784,0.010638298,2444,CD4 T
944,0.011344678,2997,CD14+ Monocytes
471,0.017790262,1068,CD14+ Monocytes
839,0.018485915,2272,CD4 T
529,0.029234737,1163,CD4 T
729,0.021276595,1974,CD4 T
1084,0.02195328,3553,CD14+ Monocytes
802,0.01658222,2171,CD4 T
886,0.021334544,2203,CD14+ Monocytes
815,0.007785888,2055,CD8 T
856,0.011286682,2658,CD4 T
746,0.01604033,2182,CD4 T
1318,0.018726591,4272,FCGR3A+ Monocytes
545,0.030093735,2027,CD4 T
696,0.01657754,1870,CD4 T
872,0.016367266,2505,CD4 T
1154,0.013231552,3930,CD4 T
467,0.02921772,1061,CD14+ Monocytes
725,0.020418849,1910,CD14+ Monocytes
1027,0.021664767,3508,CD4 T
479,0.013761468,1090,CD4 T
728,0.017326733,2020,CD4 T
926,0.031237798,2561,CD14+ Monocytes
1282,0.022808269,4209,FCGR3A+ Monocytes
907,0.008339651,2638,CD4 T
833,0.027260926,2311,CD4 T
1024,0.029952077,2504,CD8 T
838,0.019058732,2571,CD8 T
900,0.021101993,2559,CD4 T
737,0.021812081,1788,B CELLS
367,0.006793478,736,Megakaryocytes
459,0.034198113,848,CD8 T
1030,0.023388116,3164,B CELLS
1279,0.012519979,3754,FCGR3A+ Monocytes
756,0.012705882,2125,CD4 T
662,0.025277436,1622,CD14+ Monocytes
1323,0.023760859,3914,FCGR3A+ Monocytes
1003,0.019548872,1995,NK CELLS
359,0.028387098,775,B CELLS
770,0.018097447,2155,B CELLS
813,0.020931225,2341,B CELLS
634,0.0365991,1776,B CELLS
924,0.016973812,2062,CD8 T
1184,0.011195159,3305,CD14+ Monocytes
901,0.03662365,2867,CD4 T
816,0.01673428,1972,CD8 T
1421,0.025593728,4337,FCGR3A+ Monocytes
771,0.014705882,2108,B CELLS
706,0.028452875,1687,CD8 T
953,0.020180933,2874,CD4 T
348,0.017195767,756,B CELLS
716,0.033134166,1841,CD14+ Monocytes
870,0.014646649,2731,CD4 T
715,0.025857223,1779,B CELLS
550,0.009174312,1199,CD4 T
689,0.016976127,1885,CD4 T
947,0.028955532,2901,CD4 T
1157,0.0223398,3402,CD14+ Monocytes
690,0.03287982,1764,CD14+ Monocytes
383,0.01899593,737,CD14+ Monocytes
374,0.017264277,753,CD14+ Monocytes
882,0.007346939,2450,CD4 T
697,0.02246604,1914,B CELLS
246,0,609,CD4 T
833,0.021077283,2135,CD14+ Monocytes
1006,0.020678246,2418,CD14+ Monocytes
1181,0.017271157,3474,CD14+ Monocytes
974,0.026353791,2770,CD8 T
856,0.016024252,2309,CD4 T
978,0.014016968,2711,CD4 T
1551,0.018087357,5197,FCGR3A+ Monocytes
965,0.013058419,2910,CD4 T
907,0.010362694,2702,CD4 T
565,0.031451035,1399,CD14+ Monocytes
417,0.014857143,875,CD4 T
907,0.010152284,2364,CD8 T
927,0.03506018,1911,NK CELLS
966,0.01123245,3205,CD8 T
658,0.022312373,1972,CD4 T
727,0.018317504,1474,CD8 T
743,0.037616022,2047,B CELLS
381,0.024447031,859,B CELLS
385,0.019662922,712,B CELLS
905,0.015008338,1799,NK CELLS
645,0.011695907,1881,B CELLS
1167,0.03615788,3623,CD14+ Monocytes
936,0.007294199,2879,CD4 T
724,0.011073254,2348,CD4 T
618,0.033650793,1575,B CELLS
1038,0.019213716,3383,CD4 T
853,0.011932256,2598,CD4 T
808,0.010512483,1522,NK CELLS
1403,0.015850438,4921,CD4 T
762,0.020931225,2341,CD4 T
741,0.012340036,2188,CD4 T
687,0.016968327,1768,CD4 T
932,0.027355623,1974,NK CELLS
1096,0.027081244,2991,CD14+ Monocytes
601,0.03188406,1380,B CELLS
652,0.016926201,1477,CD4 T
895,0.013348589,2622,B CELLS
682,0.01980198,1919,CD4 T
1553,0.01936547,4854,CD14+ Monocytes
604,0.02078853,1395,B CELLS
823,0.031330474,2330,CD4 T
803,0.019843102,2167,CD4 T
646,0.028722601,1323,CD14+ Monocytes
917,0.027235772,2460,CD14+ Monocytes
942,0.033377837,2996,CD14+ Monocytes
850,0.015360378,2539,CD4 T
795,0.01345895,2229,B CELLS
771,0.026357198,2542,CD4 T
949,0.029423619,2481,CD4 T
516,0.02310536,1082,CD8 T
664,0.01607143,1680,B CELLS
1001,0.015200517,3092,CD4 T
637,0.027317073,1025,NK CELLS
619,0.028231798,1346,B CELLS
907,0.016550988,1873,NK CELLS
961,0.00891663,2243,CD4 T
812,0.015459724,2458,CD4 T
793,0.01763341,2155,CD4 T
1043,0.013531799,2956,CD4 T
1343,0.035353534,3960,Dendritic
1326,0.026227444,4766,CD8 T
981,0.024408285,2704,CD14+ Monocytes
675,0.024578312,2075,CD4 T
937,0.004066878,2213,CD4 T
631,0.026058631,1535,CD14+ Monocytes
1026,0.016269842,2520,CD8 T
1135,0.019679505,3557,CD14+ Monocytes
499,0.03448276,1015,CD4 T
948,0.01861252,2364,CD4 T
801,0.01982264,1917,CD14+ Monocytes
848,0.028501628,2456,CD4 T
741,0.014399205,2014,CD4 T
604,0.041053448,1291,NK CELLS
864,0.012345679,2025,CD8 T
1076,0.017538644,3364,CD4 T
1106,0.015563102,3534,CD14+ Monocytes
1111,0.00986365,3447,FCGR3A+ Monocytes
624,0.014563107,2060,CD4 T
1008,0.009150805,2732,CD4 T
908,0.021681998,3044,CD4 T
815,0.02128738,1973,CD4 T
346,0.029475983,916,Megakaryocytes
1062,0.03178991,2894,CD14+ Monocytes
803,0.023218997,1895,NK CELLS
749,0.014680971,1771,CD8 T
779,0.018419776,2063,CD14+ Monocytes
1027,0.024100995,2614,FCGR3A+ Monocytes
1032,0.02000667,2999,CD14+ Monocytes
1040,0.007076923,3250,CD4 T
654,0.020337014,1721,CD4 T
631,0.02616089,1529,CD4 T
755,0.024744028,2344,CD4 T
854,0.013983507,2789,CD4 T
850,0.015720524,2290,CD4 T
798,0.022707034,2246,CD4 T
864,0.021561582,3061,CD4 T
1078,0.017200675,2965,FCGR3A+ Monocytes
690,0.025909932,1621,CD14+ Monocytes
864,0.008782936,2391,CD4 T
1523,0.022094926,4888,FCGR3A+ Monocytes
838,0.018875666,2437,B CELLS
966,0.022736339,2507,B CELLS
389,0.013297873,752,B CELLS
1654,0.023107715,5496,Dendritic
808,0.027809964,2589,CD4 T
885,0.018990073,2317,CD4 T
1665,0.028536199,5677,FCGR3A+ Monocytes
920,0.010686396,2433,CD4 T
855,0.045361668,2447,CD4 T
807,0.02988988,1907,CD4 T
859,0.02094474,2244,NK CELLS
1276,0.028688524,4148,FCGR3A+ Monocytes
987,0.013530135,2439,CD4 T
1079,0.020477816,3223,FCGR3A+ Monocytes
678,0.013684744,1973,CD4 T
626,0.041967213,1525,CD14+ Monocytes
831,0.013377926,2392,CD4 T
829,0.01791809,2344,B CELLS
1009,0.014044944,2136,CD8 T
547,0.03160454,1234,CD4 T
893,0.023752013,2484,CD14+ Monocytes
722,0.023680931,2407,CD4 T
656,0.019617707,1988,CD4 T
415,0.039053254,845,CD14+ Monocytes
773,0.025067145,2234,CD4 T
1262,0.02564695,4328,CD4 T
1218,0.028866526,3776,CD14+ Monocytes
365,0.01897019,738,CD14+ Monocytes
661,0.03567839,1990,CD4 T
805,0.023923445,2299,CD4 T
1409,0.020588886,4517,FCGR3A+ Monocytes
1094,0.029372497,2996,CD14+ Monocytes
779,0.012597481,1667,CD8 T
898,0.021987315,2365,CD14+ Monocytes
830,0.036156513,2019,CD8 T
1242,0.023802696,3487,CD14+ Monocytes
864,0.012866333,2798,CD4 T
576,0.019173158,1669,B CELLS
901,0.018000767,2611,B CELLS
1274,0.028639618,3771,FCGR3A+ Monocytes
852,0.008677897,1959,CD8 T
1006,0.023649728,3129,CD4 T
719,0.034952607,1688,CD8 T
763,0.017432647,1893,CD4 T
683,0.032725323,1864,B CELLS
957,0.019117648,2040,NK CELLS
831,0.04751526,2294,B CELLS
724,0.03366222,1723,CD14+ Monocytes
354,0.034981906,829,CD14+ Monocytes
763,0.031083481,2252,CD14+ Monocytes
910,0.027114967,2766,CD4 T
749,0.018104367,1878,NK CELLS
626,0.03254438,1690,CD4 T
870,0.01284585,3036,CD4 T
795,0.011411183,2629,CD4 T
1078,0.019314868,2744,NK CELLS
736,0.030352304,1845,CD8 T
835,0.015738498,2478,CD4 T
402,0.017441861,1032,CD4 T
1203,0.023053892,3340,CD14+ Monocytes
699,0.037410926,1684,CD14+ Monocytes
755,0.028714107,2403,CD4 T
697,0.019404916,1546,CD4 T
1229,0.025447935,3851,CD8 T
637,0.010037641,1594,CD4 T
666,0.047466666,1875,CD4 T
846,0.030242935,2017,CD4 T
1036,0.03877335,2837,CD4 T
1027,0.019820377,3229,CD4 T
831,0.01532567,2088,CD14+ Monocytes
999,0.02545069,2829,CD8 T
942,0.02923211,2292,FCGR3A+ Monocytes
891,0.014492754,2553,CD4 T
1007,0.027529022,3015,CD14+ Monocytes
712,0.015658747,1852,CD8 T
990,0.012495779,2961,CD4 T
725,0.024489796,2450,CD4 T
745,0.020805666,2259,CD4 T
921,0.014433919,2217,NK CELLS
333,0.04456328,561,CD4 T
1042,0.011114971,2879,CD8 T
895,0.020487051,2587,CD8 T
873,0.018087855,3096,CD4 T
1612,0.04097788,4295,CD4 T
724,0.04966518,1792,CD8 T
929,0.036082473,2328,CD8 T
601,0.024758454,1656,B CELLS
862,0.02100221,2714,CD4 T
908,0.018393898,2229,CD8 T
658,0.021841794,1694,CD4 T
775,0.021254536,1929,CD8 T
724,0.013289036,1806,B CELLS
753,0.026440037,2118,CD4 T
741,0.017061612,2110,B CELLS
690,0.021517554,1766,B CELLS
379,0.032210834,683,CD4 T
608,0.02349689,1447,B CELLS
927,0.022589346,2966,CD4 T
777,0.015811967,2340,CD4 T
969,0.006789891,2651,CD4 T
827,0.012297373,1789,CD8 T
709,0.02445141,1595,CD8 T
385,0.010033445,897,CD4 T
690,0.0180798,1604,B CELLS
769,0.01141352,2278,CD4 T
554,0.020508613,1219,B CELLS
892,0.014413713,2567,B CELLS
761,0.027732464,1839,CD8 T
367,0.038567495,726,CD14+ Monocytes
731,0.02454308,1915,CD4 T
1103,0.023263225,3138,FCGR3A+ Monocytes
944,0.018667525,3107,CD4 T
832,0.048401423,2252,CD4 T
675,0.02695595,1521,B CELLS
652,0.02192134,1551,CD8 T
418,0.014962593,802,CD8 T
727,0.017761989,2252,CD4 T
745,0.012892135,2327,CD4 T
872,0.019070322,2517,CD4 T
1336,0.029779058,4164,FCGR3A+ Monocytes
863,0.048886947,2291,CD4 T
934,0.021723121,2716,CD4 T
844,0.020287717,2711,CD4 T
721,0.04381561,2191,B CELLS
432,0.034782607,920,CD8 T
782,0.009819324,2546,CD4 T
1006,0.026405867,2045,NK CELLS
834,0.014826375,2563,CD4 T
840,0.018278303,1696,NK CELLS
840,0.015734266,2288,CD4 T
819,0.026559865,2372,CD14+ Monocytes
699,0.011518325,1910,CD4 T
489,0.024186047,1075,CD14+ Monocytes
665,0.023809524,1806,CD4 T
576,0.02349689,1447,CD4 T
1291,0.029198967,3870,CD14+ Monocytes
1102,0.03170656,3217,CD14+ Monocytes
826,0.040835265,2155,CD8 T
880,0.008925384,2801,CD4 T
738,0.026072787,1841,CD14+ Monocytes
904,0.009781791,2658,CD4 T
686,0.023354564,1884,CD4 T
874,0.025882352,2125,NK CELLS
887,0.025956284,2928,CD4 T
873,0.038719874,2531,CD4 T
560,0.042063493,1260,CD14+ Monocytes
766,0.011230219,1959,CD4 T
710,0.011464968,1570,CD8 T
1135,0.022720387,3301,CD14+ Monocytes
1054,0.018492835,2163,NK CELLS
805,0.024073182,2077,CD8 T
724,0.015981736,1752,CD14+ Monocytes
973,0.021165986,2693,CD4 T
1201,0.010977789,3917,CD4 T
575,0.027661357,1193,CD4 T
838,0.012689317,2443,FCGR3A+ Monocytes
865,0.024317406,2344,B CELLS
546,0.028094154,1317,B CELLS
811,0.022767857,2240,CD4 T
884,0.012211077,2293,CD4 T
886,0.02104411,2471,CD14+ Monocytes
791,0.013608635,2131,CD4 T
1026,0.018456995,2709,CD4 T
2000,0.026962927,8011,B CELLS
644,0.012426423,1529,B CELLS
763,0.030342156,1549,CD8 T
969,0.026363092,3338,CD4 T
800,0.01718819,2269,B CELLS
359,0.03158934,1013,CD4 T
624,0.014641289,2049,CD4 T
993,0.028021015,2855,B CELLS
800,0.015532207,2189,CD4 T
1167,0.01600651,3686,CD14+ Monocytes
833,0.018018018,2442,CD4 T
1871,0.013101254,5343,NK CELLS
616,0.020103093,1940,CD4 T
822,0.033602722,2351,CD14+ Monocytes
647,0.027144935,2063,CD4 T
1000,0.010780791,3061,CD4 T
618,0.017454956,1776,CD4 T
734,0.006995885,2430,CD4 T
618,0.009888751,1618,CD14+ Monocytes
1938,0.023580298,7167,CD4 T
861,0.018225584,2908,CD4 T
945,0.036531366,2710,CD4 T
1032,0.016410256,2925,Dendritic
723,0.024585783,1871,B CELLS
984,0.018951733,3377,CD4 T
994,0.007352941,3672,CD4 T
771,0.025540275,1527,NK CELLS
738,0.018666666,1500,NK CELLS
1583,0.024237834,5281,FCGR3A+ Monocytes
1113,0.02963671,3138,CD14+ Monocytes
614,0.04142857,1400,CD14+ Monocytes
1146,0.016363636,3300,CD14+ Monocytes
615,0.03230148,1486,B CELLS
848,0.015885947,2455,CD4 T
983,0.019635845,2801,CD4 T
677,0.011218766,1961,B CELLS
972,0.010863005,3314,CD4 T
791,0.022809124,2499,CD4 T
827,0.026381284,2009,B CELLS
804,0.024232633,1857,CD14+ Monocytes
395,0.037483267,747,B CELLS
843,0.03469852,1758,NK CELLS
493,0.004329004,1155,CD4 T
741,0.037603308,2420,CD4 T
941,0.025459098,2396,CD4 T
1659,0.023952097,5344,FCGR3A+ Monocytes
742,0.028223844,2055,CD14+ Monocytes
1517,0.01795407,4790,FCGR3A+ Monocytes
559,0.02526003,1346,CD14+ Monocytes
937,0.022566997,2836,CD4 T
740,0.019789735,1617,CD8 T
781,0.019213175,2186,CD8 T
819,0.017714791,2258,CD4 T
813,0.020975832,2193,CD14+ Monocytes
578,0.039864864,1480,B CELLS
1022,0.034789987,2357,NK CELLS
1191,0.015132085,3899,CD4 T
824,0.01886019,2439,CD4 T
1146,0.036899313,3496,CD14+ Monocytes
757,0.028227914,1913,CD14+ Monocytes
638,0.031518623,1396,CD4 T
830,0.022421524,2230,CD4 T
713,0.016163792,1856,B CELLS
609,0.029084159,1616,CD4 T
1271,0.029776083,4198,FCGR3A+ Monocytes
680,0.014746544,2170,CD4 T
769,0.02905028,1790,CD8 T
1119,0.010918675,2656,NK CELLS
731,0.029080119,1685,CD8 T
804,0.013888889,1728,CD8 T
781,0.017114915,2454,B CELLS
916,0.023158694,2634,CD4 T
735,0.037674036,2442,CD4 T
835,0.016260162,2460,B CELLS
1257,0.02617801,3438,CD14+ Monocytes
472,0.020932445,1051,CD14+ Monocytes
879,0.007480131,2139,CD8 T
851,0.018426104,2605,CD14+ Monocytes
1023,0.018997198,3211,CD14+ Monocytes
661,0.016666668,1740,CD4 T
1008,0.012693498,3230,CD4 T
748,0.012881065,2329,CD4 T
845,0.023229461,1765,CD8 T
393,0.007159905,838,B CELLS
675,0.00992411,1713,CD4 T
843,0.019589106,2093,CD4 T
876,0.024625624,3005,CD4 T
939,0.017336776,2711,CD4 T
932,0.010482965,2671,CD14+ Monocytes
760,0.019213175,2186,CD4 T
735,0.014835605,2494,CD4 T
1561,0.027411593,4779,FCGR3A+ Monocytes
752,0.01171875,2048,CD4 T
940,0.017145505,2158,CD8 T
705,0.01843318,1953,CD14+ Monocytes
405,0.042774566,865,CD14+ Monocytes
690,0.026898047,2305,CD4 T
1071,0.036363635,3465,CD14+ Monocytes
544,0.011666667,1200,B CELLS
927,0.013910355,2588,CD4 T
817,0.011827957,2790,CD4 T
388,0.023929471,794,CD14+ Monocytes
560,0.020562029,1459,CD4 T
1322,0.024217222,4088,FCGR3A+ Monocytes
640,0.022264631,1572,CD14+ Monocytes
886,0.020782396,2454,CD14+ Monocytes
1075,0.01119055,3217,CD4 T
689,0.01592719,1758,CD4 T
524,0.01910828,1099,B CELLS
606,0.029261155,1367,B CELLS
802,0.017193567,1803,CD14+ Monocytes
868,0.018622627,2846,CD4 T
939,0.036923077,3250,CD14+ Monocytes
753,0.013060761,1761,B CELLS
770,0.011617101,2152,CD4 T
1105,0.015004413,3399,CD4 T
841,0.021467604,2562,CD4 T
786,0.03664495,2456,CD4 T
445,0.02583423,929,CD8 T
703,0.012735327,1806,B CELLS
593,0.031202435,1314,CD14+ Monocytes
875,0.01677244,2206,CD4 T
901,0.02188355,2559,FCGR3A+ Monocytes
927,0.016416347,2863,B CELLS
798,0.014090909,2200,CD4 T
1221,0.020645536,3439,CD14+ Monocytes
415,0.01641266,853,CD14+ Monocytes
1381,0.019562474,4754,CD14+ Monocytes
949,0.015258216,2556,B CELLS
1322,0.026077097,4410,FCGR3A+ Monocytes
1169,0.018735362,3416,CD14+ Monocytes
745,0.025626423,1756,CD4 T
727,0.016632017,1924,B CELLS
799,0.03214443,2271,CD4 T
490,0.016683023,1019,CD14+ Monocytes
767,0.013404826,1865,CD14+ Monocytes
943,0.02124183,2448,CD4 T
808,0.017391304,2070,B CELLS
926,0.017435897,2925,CD4 T
664,0.016336633,2020,CD4 T
569,0.019607844,1530,B CELLS
843,0.017501716,2914,CD4 T
727,0.018959913,1846,B CELLS
1222,0.025288003,3559,CD14+ Monocytes
457,0.018499486,973,CD8 T
1515,0.025660964,5144,FCGR3A+ Monocytes
1138,0.016847173,3324,CD4 T
1174,0.021370208,3182,CD14+ Monocytes
525,0.019243985,1455,CD4 T
878,0.017299578,2370,CD8 T
525,0.025061125,1636,CD4 T
999,0.020622041,2958,CD14+ Monocytes
778,0.034155596,2108,CD14+ Monocytes
772,0.019847328,1965,CD8 T
819,0.025037557,1997,B CELLS
1015,0.024177566,2523,CD14+ Monocytes
939,0.021723896,2854,CD14+ Monocytes
856,0.024048096,2495,CD4 T
715,0.015481652,1744,CD4 T
793,0.012954659,2007,B CELLS
837,0.02938343,2076,CD8 T
1193,0.021838035,3297,CD14+ Monocytes
764,0.039196473,2041,CD8 T
834,0.00935772,2351,CD4 T
677,0.017535314,2053,CD4 T
625,0.03698811,1514,CD14+ Monocytes
420,0.025125628,796,CD8 T
837,0.012713548,2517,CD4 T
874,0.017349062,2882,CD4 T
679,0.01584786,1893,CD4 T
811,0.016645327,2343,B CELLS
546,0.014419611,1387,B CELLS
787,0.0234375,2560,CD4 T
587,0.023920266,1505,FCGR3A+ Monocytes
821,0.012401353,2661,CD4 T
669,0.020918071,1721,FCGR3A+ Monocytes
813,0.01946472,1644,NK CELLS
780,0.02184466,2060,CD14+ Monocytes
649,0.025974026,1617,CD4 T
924,0.019792648,3183,CD4 T
1322,0.022625448,4464,CD14+ Monocytes
701,0.015179393,2174,CD4 T
792,0.032440055,2127,CD8 T
817,0.013768686,2542,CD4 T
667,0.038936958,1618,B CELLS
804,0.022933587,2093,CD14+ Monocytes
593,0.014042867,1353,CD4 T
740,0.019978402,1852,B CELLS
1243,0.03783925,3832,FCGR3A+ Monocytes
859,0.013837638,2168,CD4 T
685,0.028208744,1418,B CELLS
596,0.020531401,1656,CD14+ Monocytes
1193,0.021968616,3505,CD14+ Monocytes
859,0.025,2320,CD14+ Monocytes
775,0.014479638,2210,CD4 T
947,0.027846027,2442,CD8 T
689,0.028242076,1735,CD4 T
907,0.012070566,2154,CD8 T
734,0.019629225,1834,B CELLS
621,0.024967989,1562,B CELLS
336,0.032702237,581,CD14+ Monocytes
922,0.01910828,2512,CD4 T
802,0.016027875,2870,CD4 T
812,0.012881679,2096,B CELLS
941,0.020175893,1933,NK CELLS
943,0.029745808,1849,NK CELLS
868,0.020168684,2727,CD4 T
947,0.023738872,2696,CD4 T
767,0.009104705,1977,CD4 T
701,0.023506366,2042,CD4 T
692,0.022529442,1953,CD4 T
423,0.013257576,1056,CD4 T
775,0.02315887,2159,CD4 T
500,0.031107046,1093,CD4 T
1100,0.015015975,3130,CD8 T
812,0.01591248,2011,CD14+ Monocytes
728,0.026673641,1912,CD8 T
616,0.028230185,1842,CD4 T
928,0.014913658,2548,CD14+ Monocytes
835,0.014933059,1942,CD8 T
454,0.026871402,1042,CD8 T
812,0.031027254,2385,CD4 T
769,0.032719836,2445,CD4 T
1058,0.02092177,3298,CD4 T
914,0.014289968,3359,CD4 T
628,0.036625244,1529,CD14+ Monocytes
649,0.022875817,1530,B CELLS
452,0.033771105,1066,CD4 T
754,0.018753167,1973,CD8 T
1327,0.028982036,4175,CD14+ Monocytes
776,0.019157087,1827,CD8 T
670,0.019693654,1371,NK CELLS
1017,0.022131426,2937,CD14+ Monocytes
599,0.021058965,1662,B CELLS
431,0.028761063,904,CD4 T
967,0.033564392,2741,FCGR3A+ Monocytes
1077,0.01808021,3042,CD14+ Monocytes
2033,0.022166021,6722,CD8 T
731,0.014356435,2020,B CELLS
533,0.03685504,1221,CD14+ Monocytes
926,0.007655502,2090,CD4 T
725,0.030071078,1829,CD14+ Monocytes
559,0.023094688,1299,CD4 T
870,0.021838035,2198,CD8 T
964,0.020213157,2721,CD4 T
1341,0.011480833,5139,CD4 T
1981,0.00984366,6908,Dendritic
1103,0.022291021,3230,CD8 T
326,0.020304568,591,B CELLS
428,0.046488624,1011,CD4 T
808,0.015151516,2310,CD4 T
821,0.019819044,2321,CD4 T
554,0.024765158,1171,B CELLS
596,0.03212435,1930,CD4 T
680,0.012339056,1864,CD4 T
1034,0.01037037,3375,CD4 T
849,0.018110795,2816,CD4 T
566,0.020296643,1281,B CELLS
879,0.023660067,2071,CD4 T
1091,0.017509727,3084,CD14+ Monocytes
823,0.033905968,2212,CD8 T
447,0.018744143,1067,CD4 T
1688,0.022084463,5162,FCGR3A+ Monocytes
868,0.029807342,2751,CD4 T
1254,0.029439036,4314,FCGR3A+ Monocytes
942,0.028119508,2276,CD4 T
462,0.011530398,954,CD14+ Monocytes
1055,0.015380151,3446,CD4 T
852,0.022077452,2763,CD4 T
738,0.017857144,1792,CD4 T
804,0.016615653,2287,CD4 T
775,0.046016824,2021,B CELLS
726,0.019002376,1684,B CELLS
993,0.016121153,2047,NK CELLS
1462,0.018272787,4597,Dendritic
1007,0.015763829,3489,CD8 T
798,0.032502227,2246,CD4 T
1036,0.031535793,3171,B CELLS
786,0.016768293,1968,CD4 T
948,0.013317665,2553,CD14+ Monocytes
743,0.02607871,2109,CD14+ Monocytes
761,0.023391813,2394,B CELLS
838,0.012826183,2261,CD4 T
1040,0.005549389,2703,CD4 T
859,0.020931073,2771,CD4 T
867,0.020229008,2620,CD4 T
1188,0.028113505,3806,CD14+ Monocytes
846,0.010162601,2460,CD4 T
687,0.008311688,1925,CD4 T
672,0.03147877,1366,CD8 T
629,0.022479564,1468,CD14+ Monocytes
725,0.022679325,1896,CD4 T
660,0.007124352,1544,CD4 T
809,0.01308615,1834,CD8 T
469,0.02639594,985,CD4 T
600,0.019903498,1658,B CELLS
812,0.022011006,1999,CD4 T
856,0.018152697,1873,NK CELLS
397,0.048349056,848,CD4 T
786,0.011997177,2834,CD4 T
895,0.010097087,2575,CD14+ Monocytes
882,0.013179571,2428,CD4 T
449,0.023983316,959,CD14+ Monocytes
890,0.036563877,2270,CD8 T
823,0.030365203,2437,CD4 T
1051,0.034896016,2837,FCGR3A+ Monocytes
823,0.02320888,1982,CD4 T
1055,0.019939577,3310,CD14+ Monocytes
741,0.024084779,2076,CD4 T
999,0.023255814,2408,CD8 T
1241,0.02098831,3764,CD14+ Monocytes
790,0.008821677,1587,NK CELLS
878,0.01561249,2498,CD4 T
778,0.020242915,1729,NK CELLS
1066,0.02502924,4275,CD4 T
815,0.033797216,2012,CD8 T
465,0.04660194,1030,Megakaryocytes
1079,0.02060056,2864,NK CELLS
743,0.016393442,2196,CD4 T
1098,0.013685551,3142,CD4 T
807,0.018241348,2138,CD4 T
1120,0.013242994,3247,CD4 T
1025,0.015528861,3413,CD4 T
805,0.017274473,2084,CD4 T
676,0.014835419,2157,CD4 T
828,0.022250209,2382,CD4 T
763,0.019699812,2132,CD4 T
997,0.025080906,2472,NK CELLS
852,0.020346321,2310,CD14+ Monocytes
866,0.012042819,2242,CD4 T
1118,0.041178152,3497,FCGR3A+ Monocytes
508,0.02430243,1111,CD14+ Monocytes
928,0.01563055,2815,CD4 T
958,0.019286754,2748,CD4 T
932,0.019888991,2162,CD8 T
892,0.013109978,2746,CD4 T
905,0.016453382,2188,CD8 T
494,0.01870187,909,CD4 T
710,0.03205495,1747,CD4 T
1068,0.015324421,3067,CD14+ Monocytes
795,0.021706956,2027,CD4 T
787,0.014545455,1650,NK CELLS
951,0.017839924,2074,NK CELLS
720,0.01746956,1889,CD14+ Monocytes
842,0.016129032,1674,NK CELLS
890,0.020089285,2240,CD4 T
1355,0.012254902,4080,CD14+ Monocytes
1005,0.032690696,2386,CD8 T
872,0.014094687,2767,CD4 T
1185,0.036334913,2532,NK CELLS
912,0.014308427,2516,B CELLS
869,0.037626628,2764,CD4 T
894,0.022929937,2355,CD14+ Monocytes
997,0.015523285,1997,NK CELLS
770,0.013741135,2256,CD4 T
554,0.01244168,1286,CD8 T
806,0.026710402,2134,CD4 T
1426,0.01750547,5484,CD4 T
1012,0.01980542,2878,CD14+ Monocytes
452,0.0180018,1111,B CELLS
896,0.038214408,2957,CD4 T
426,0.008919722,1009,CD4 T
239,0.001666667,600,CD4 T
829,0.028543783,2067,CD14+ Monocytes
895,0.020510484,2194,CD8 T
787,0.008144021,2333,CD8 T
1139,0.025067385,3710,FCGR3A+ Monocytes
925,0.013272658,2637,CD4 T
1015,0.020664506,2468,NK CELLS
1360,0.01661979,3911,CD14+ Monocytes
1097,0.024183417,3184,CD14+ Monocytes
650,0.023465704,1662,CD14+ Monocytes
853,0.024038462,2704,CD4 T
549,0.025316456,1264,B CELLS
1052,0.018340211,2181,NK CELLS
307,0.037542664,586,CD14+ Monocytes
1152,0.019068459,3199,CD4 T
907,0.008159565,2206,CD8 T
1628,0.03354488,5515,CD14+ Monocytes
731,0.018111965,1822,CD4 T
897,0.014214047,2392,CD4 T
1749,0.015680928,5867,B CELLS
762,0.017137563,2159,B CELLS
712,0.002002002,1998,CD4 T
1195,0.019360786,3254,FCGR3A+ Monocytes
851,0.019343065,2740,CD4 T
864,0.022061944,2357,CD4 T
968,0.02271715,2245,NK CELLS
845,0.01061105,2733,B CELLS
331,0.00409836,732,CD14+ Monocytes
840,0.021181718,2691,CD4 T
734,0.016163792,1856,CD14+ Monocytes
948,0.018788163,2129,NK CELLS
842,0.04002255,1774,NK CELLS
1543,0.012394958,4760,CD4 T
661,0.019783325,2123,CD4 T
981,0.027537372,2542,CD14+ Monocytes
912,0.034027223,2498,CD14+ Monocytes
912,0.021428572,2520,CD4 T
1063,0.022468355,3160,CD4 T
683,0.033609353,2053,CD4 T
823,0.022099448,2172,CD14+ Monocytes
996,0.011768448,3144,CD4 T
695,0.019305019,2072,CD4 T
1483,0.012023217,4824,B CELLS
927,0.01958307,3166,CD4 T
574,0.014067278,1635,CD4 T
1052,0.024334382,3493,CD4 T
571,0.042668734,1289,CD14+ Monocytes
1028,0.022116367,2939,CD14+ Monocytes
1263,0.016133098,3967,FCGR3A+ Monocytes
671,0.03613836,1937,CD4 T
958,0.013601236,3235,CD4 T
747,0.03146303,1907,CD14+ Monocytes
866,0.013645224,2565,CD4 T
896,0.020059753,2343,CD4 T
489,0.014769766,1151,CD14+ Monocytes
643,0.015591398,1860,CD4 T
923,0.025623506,2927,CD14+ Monocytes
820,0.024775736,2341,CD4 T
1466,0.024655709,4502,FCGR3A+ Monocytes
550,0.016708437,1197,CD4 T
1112,0.006767644,3103,CD4 T
1006,0.021290751,3006,CD14+ Monocytes
1448,0.02028923,4633,Dendritic
727,0.011865212,2107,CD4 T
899,0.015246015,2886,CD4 T
998,0.022550225,2439,FCGR3A+ Monocytes
563,0.0371517,1292,CD14+ Monocytes
870,0.023043036,2951,CD4 T
903,0.009692373,2373,CD14+ Monocytes
516,0.010498688,1143,CD4 T
754,0.017326733,2020,CD4 T
879,0.022651933,1810,NK CELLS
588,0.009507347,1157,CD8 T
740,0.04295813,1839,CD4 T
798,0.035648994,2188,CD4 T
798,0.010568032,2271,CD4 T
653,0.017491255,2001,CD4 T
902,0.029940119,2338,CD14+ Monocytes
990,0.008797654,2728,CD4 T
724,0.02342225,1537,CD4 T
953,0.026889535,2752,CD4 T
891,0.025652174,2300,B CELLS
1437,0.02997543,4070,CD14+ Monocytes
653,0.013418904,1714,B CELLS
714,0.00847009,1889,CD4 T
956,0.006062443,3299,CD4 T
877,0.018793274,2022,CD4 T
1012,0.010378058,2698,CD8 T
824,0.008074284,2477,CD4 T
1077,0.020689655,3915,CD4 T
740,0.017630465,1418,NK CELLS
692,0.016157988,2228,CD4 T
1063,0.011697861,2992,CD14+ Monocytes
771,0.034031413,2674,CD4 T
808,0.007094486,3101,CD4 T
1389,0.015582488,4043,CD14+ Monocytes
1264,0.023076924,3900,CD8 T
952,0.029751487,2857,CD8 T
816,0.012675419,2209,CD4 T
795,0.020335985,2262,CD14+ Monocytes
795,0.02728732,1869,CD8 T
760,0.03242321,2344,CD4 T
886,0.022776106,2327,CD8 T
349,0.0349345,687,CD4 T
868,0.028728347,2367,CD8 T
842,0.013947002,2151,CD4 T
819,0.02799607,2036,CD8 T
626,0.041237112,1455,CD4 T
418,0.016129032,868,B CELLS
903,0.019508388,2563,CD14+ Monocytes
838,0.029561201,2165,CD4 T
723,0.009586277,1982,CD4 T
436,0.02042901,979,CD4 T
1112,0.034571428,3500,CD14+ Monocytes
724,0.008757526,1827,CD4 T
1299,0.022917693,4058,FCGR3A+ Monocytes
719,0.042168673,1660,CD8 T
843,0.013614405,2277,CD14+ Monocytes
1090,0.023655914,3255,CD14+ Monocytes
696,0.015672617,2297,CD4 T
885,0.016924566,2068,CD4 T
627,0.022883296,1748,B CELLS
809,0.020762712,2360,CD4 T
423,0.017391304,920,CD4 T
729,0.030645162,1860,CD4 T
853,0.029932545,2372,B CELLS
855,0.01731419,2368,CD4 T
608,0.011968086,1504,CD14+ Monocytes
627,0.022078622,1857,CD4 T
823,0.01293823,2396,CD4 T
1063,0.006691201,2989,CD4 T
575,0.023227384,1636,CD4 T
743,0.019328587,1966,CD4 T
1528,0.023936171,4888,FCGR3A+ Monocytes
681,0.017644007,1927,B CELLS
544,0.018910741,1322,CD4 T
422,0.03529412,935,CD8 T
731,0.016369764,2077,CD4 T
920,0.016957605,2005,CD8 T
761,0.02531041,2094,CD14+ Monocytes
884,0.029476462,2273,CD4 T
982,0.011131725,3234,CD4 T
784,0.012871287,2020,B CELLS
496,0.019323671,1035,B CELLS
573,0.04045853,1483,CD4 T
521,0.025215661,1507,CD4 T
663,0.02088889,2250,CD4 T
794,0.011609287,2498,CD4 T
975,0.033060666,2934,CD4 T
856,0.032270916,2510,CD8 T
978,0.020325202,2214,NK CELLS
590,0.0157767,1648,CD4 T
905,0.013638187,2493,CD4 T
695,0.013868252,2019,CD4 T
816,0.029457364,1935,CD8 T
976,0.023988439,3460,CD4 T
816,0.016465863,2490,CD4 T
753,0.013789581,1958,CD4 T
791,0.02020202,2178,CD4 T
858,0.0155521,2572,CD4 T
813,0.01367109,2487,CD4 T
841,0.022175733,2390,CD4 T
1085,0.010181618,3634,CD4 T
1692,0.025910627,5326,FCGR3A+ Monocytes
716,0.01683111,1723,CD4 T
955,0.012395042,2501,CD4 T
1467,0.023250854,4688,FCGR3A+ Monocytes
741,0.009935205,2315,CD14+ Monocytes
296,0.041538462,650,CD4 T
738,0.018404908,2282,B CELLS
1573,0.02591093,6175,Dendritic
1119,0.02642901,3254,CD14+ Monocytes
918,0.025312686,3358,CD4 T
283,0.01604278,561,CD14+ Monocytes
703,0.023564065,2037,B CELLS
842,0.01671583,2034,CD4 T
1253,0.02430737,3826,CD14+ Monocytes
676,0.040627886,2166,CD4 T
1636,0.023319365,5489,CD14+ Monocytes
1273,0.02953084,4199,FCGR3A+ Monocytes
380,0.015063731,863,CD4 T
799,0.020535158,1607,NK CELLS
1491,0.031973075,4754,CD8 T
878,0.008032128,2490,CD4 T
939,0.01289648,2869,CD4 T
725,0.014756518,2033,CD4 T
1365,0.020134227,4023,FCGR3A+ Monocytes
818,0.018137256,2040,CD14+ Monocytes
719,0.022498803,2089,CD4 T
1343,0.022965552,4006,CD14+ Monocytes
905,0.021864211,2607,CD14+ Monocytes
837,0.01815088,1763,CD4 T
803,0.008090615,2472,CD4 T
990,0.024174327,2937,CD14+ Monocytes
1084,0.009657594,2278,CD4 T
976,0.012772585,3210,CD4 T
1630,0.016852936,5637,Dendritic
795,0.023516836,1871,CD8 T
1408,0.026517969,4035,FCGR3A+ Monocytes
771,0.015650297,1853,CD14+ Monocytes
650,0.02379747,1975,B CELLS
779,0.021021022,1998,B CELLS
648,0.024977699,2242,CD4 T
817,0.029379157,1804,NK CELLS
1127,0.027991388,3251,CD14+ Monocytes
882,0.022815159,2586,CD4 T
954,0.016809493,3034,CD4 T
830,0.020222448,1978,NK CELLS
732,0.03892565,2569,CD4 T
783,0.01264637,2135,CD4 T
756,0.017268445,1911,CD4 T
708,0.015163003,1319,NK CELLS
976,0.020967742,2480,B CELLS
718,0.015916148,2576,CD4 T
887,0.02199074,2592,CD4 T
809,0.015709156,2228,CD4 T
795,0.019992003,2501,CD4 T
662,0.028607756,1573,B CELLS
912,0.011806375,2541,CD4 T
1550,0.024345709,4929,FCGR3A+ Monocytes
1509,0.04794916,5193,FCGR3A+ Monocytes
1021,0.01577084,3107,B CELLS
1751,0.025036342,6191,Dendritic
776,0.039196473,2041,CD14+ Monocytes
910,0.02962298,2228,CD14+ Monocytes
714,0.014735432,1493,B CELLS
530,0.049277823,1177,CD4 T
846,0.043226555,2591,CD4 T
631,0.015916575,1822,CD4 T
1152,0.022766078,3514,CD14+ Monocytes
1118,0.021923268,4014,CD4 T
755,0.014605203,2191,CD4 T
573,0.015215553,1183,B CELLS
1176,0.017362393,2707,CD4 T
267,0.032258064,682,Megakaryocytes
918,0.01,1800,NK CELLS
1132,0.022208123,3152,CD14+ Monocytes
849,0.013976555,2218,CD4 T
938,0.016666668,2520,CD4 T
1140,0.017718371,3217,CD4 T
909,0.009016072,2551,CD4 T
840,0.01120797,2409,CD4 T
806,0.016644174,2223,CD4 T
904,0.026545001,2411,CD14+ Monocytes
788,0.015964523,2255,B CELLS
778,0.017094018,1872,B CELLS
715,0.034390114,1861,CD4 T
869,0.02568946,2647,CD4 T
714,0.023255814,1462,CD4 T
883,0.020618556,2716,CD14+ Monocytes
767,0.011319112,2297,CD14+ Monocytes
858,0.013600302,2647,CD4 T
788,0.009292929,2475,CD4 T
553,0.015567087,1349,B CELLS
634,0.03211679,2055,B CELLS
1230,0.016551308,3323,CD14+ Monocytes
1131,0.02016383,3174,FCGR3A+ Monocytes
849,0.027965285,2074,CD8 T
811,0.017758047,1802,CD4 T
827,0.017405063,1896,CD8 T
1753,0.016738903,6691,CD4 T
713,0.027621195,1774,CD14+ Monocytes
484,0.046489563,1054,CD8 T
783,0.028834356,1630,NK CELLS
722,0.014661274,1978,CD14+ Monocytes
596,0.024358131,1519,B CELLS
514,0.012809564,1171,CD8 T
372,0.004189944,716,B CELLS
925,0.012069737,2237,CD8 T
747,0.005966587,1676,CD4 T
840,0.023535851,1827,CD4 T
673,0.020053476,1496,CD4 T
955,0.027027028,2479,CD4 T
796,0.015396459,2598,CD4 T
719,0.030377267,2041,CD4 T
718,0.020212227,1979,CD14+ Monocytes
857,0.013527576,1922,NK CELLS
578,0.008327025,1321,CD4 T
1063,0.028360413,3385,CD14+ Monocytes
594,0.04095112,1514,CD4 T
997,0.019617707,1988,NK CELLS
1268,0.012523315,3753,CD14+ Monocytes
341,0.03362573,684,CD14+ Monocytes
388,0.017837236,897,CD4 T
753,0.01904762,2625,CD4 T
834,0.012771392,2349,CD4 T
593,0.02077748,1492,B CELLS
1189,0.016302463,2883,CD4 T
911,0.01512374,2182,CD8 T
738,0.015275504,1833,B CELLS
476,0.040702313,1253,B CELLS
816,0.019571295,2146,CD4 T
641,0.025316456,1580,B CELLS
746,0.020622725,2473,CD4 T
635,0.019372078,1497,B CELLS
953,0.020803444,2788,CD4 T
801,0.016152717,2043,CD4 T
326,0.027456647,692,CD14+ Monocytes
849,0.023,2000,CD8 T
499,0.012254902,1224,CD14+ Monocytes
865,0.00914761,2405,Megakaryocytes
1420,0.025389222,4175,FCGR3A+ Monocytes
487,0.030755712,1138,CD14+ Monocytes
876,0.027810887,2517,CD14+ Monocytes
797,0.016659547,2341,CD4 T
981,0.028829455,2879,CD4 T
756,0.026143791,2142,CD14+ Monocytes
850,0.031022782,2063,NK CELLS
1097,0.009591116,3962,CD4 T
998,0.014245015,2808,Dendritic
829,0.020864947,2636,CD4 T
1159,0.019570012,3628,CD14+ Monocytes
955,0.020401224,2941,CD4 T
1061,0.015779704,3232,CD4 T
696,0.007123776,2246,CD4 T
786,0.022488756,2668,CD4 T
743,0.014843321,1819,CD8 T
1211,0.025178902,3773,CD14+ Monocytes
893,0.01303781,2301,CD4 T
491,0.013084112,1070,CD14+ Monocytes
744,0.03631124,1735,CD8 T
1447,0.013608528,4409,FCGR3A+ Monocytes
767,0.014869888,2421,CD4 T
1050,0.010845006,2213,NK CELLS
853,0.01464255,2322,CD8 T
1118,0.017286366,3066,CD14+ Monocytes
1428,0.024852846,4587,CD8 T
555,0.008802817,1136,B CELLS
612,0.01863354,1771,B CELLS
854,0.012779553,2504,CD14+ Monocytes
789,0.01734104,2249,CD4 T
889,0.010638298,2068,CD4 T
784,0.026944585,1967,CD4 T
712,0.011699507,1624,B CELLS
1323,0.025776053,3608,FCGR3A+ Monocytes
921,0.02426838,2802,CD4 T
682,0.020765737,1541,CD14+ Monocytes
794,0.026854802,2197,CD14+ Monocytes
846,0.008849558,2486,CD4 T
1012,0.0252849,2808,CD4 T
839,0.013738551,2402,CD4 T
807,0.01000435,2299,CD14+ Monocytes
587,0.03613666,1522,CD4 T
881,0.019854132,2468,CD4 T
781,0.024780786,2623,CD4 T
1010,0.016370602,2871,CD14+ Monocytes
1182,0.023671897,3633,FCGR3A+ Monocytes
1149,0.015994668,3001,CD14+ Monocytes
812,0.02037201,2258,CD4 T
607,0.027149322,1547,B CELLS
1155,0.012987013,3465,B CELLS
714,0.03183627,1759,B CELLS
642,0.020220589,1632,B CELLS
1088,0.011746522,3235,CD4 T
1291,0.031561058,4119,FCGR3A+ Monocytes
1196,0.013832659,2964,B CELLS
325,0.01510574,662,CD14+ Monocytes
804,0.018087855,2322,CD4 T
370,0.011577424,691,CD14+ Monocytes
359,0.016129032,744,CD14+ Monocytes
855,0.026400285,2803,CD4 T
1165,0.006219765,2894,CD8 T
836,0.02829758,2191,CD4 T
923,0.020733062,2701,CD4 T
863,0.035409555,2344,CD4 T
1284,0.030528476,3898,CD14+ Monocytes
1011,0.021618081,3053,CD14+ Monocytes
889,0.01890432,2592,CD4 T
984,0.01809261,3261,CD4 T
512,0.03473344,1238,CD4 T
939,0.011311417,2829,CD4 T
883,0.011877394,2610,Dendritic
697,0.02183406,1374,NK CELLS
1211,0.01592969,3641,CD14+ Monocytes
362,0.015463918,776,CD14+ Monocytes
969,0.029305913,1945,NK CELLS
1135,0.017560074,3246,CD14+ Monocytes
1239,0.011004449,4271,CD4 T
580,0.013690815,1753,CD4 T
1103,0.019523937,3739,CD14+ Monocytes
975,0.016408961,3169,CD8 T
825,0.011941619,2261,CD4 T
1170,0.025781501,3103,CD14+ Monocytes
921,0.025291048,2491,CD4 T
640,0.02459547,1545,B CELLS
1180,0.02399338,3626,FCGR3A+ Monocytes
378,0.01884253,743,B CELLS
982,0.023563456,2419,NK CELLS
916,0.013888889,2664,CD4 T
1122,0.01843849,3471,CD8 T
792,0.037284896,2092,CD8 T
619,0.016167665,1670,CD4 T
750,0.021962617,2140,CD4 T
913,0.02801582,3034,CD4 T
775,0.01261967,2298,CD4 T
661,0.011840689,1858,CD4 T
766,0.011876484,1684,CD4 T
768,0.01954178,2968,CD4 T
675,0.015710382,1464,CD4 T
944,0.023232324,1980,NK CELLS
940,0.04922516,2194,CD8 T
761,0.02135738,2107,CD4 T
727,0.02021858,1830,CD4 T
767,0.03859306,2047,CD8 T
873,0.022380468,2949,CD4 T
1043,0.012056044,3069,CD4 T
850,0.044561572,2087,CD8 T
995,0.01975052,2886,CD8 T
680,0.021952359,2141,CD4 T
595,0.011864407,1770,CD4 T
700,0.017508755,1999,CD14+ Monocytes
753,0.021188201,2407,CD4 T
736,0.022423664,2096,CD4 T
891,0.015533981,2575,CD4 T
685,0.018569088,1831,CD8 T
780,0.00408789,1957,CD8 T
986,0.020805368,2980,CD14+ Monocytes
989,0.030407524,3190,CD8 T
830,0.021505376,2325,CD8 T
810,0.026565464,1581,NK CELLS
685,0.04902577,1591,CD8 T
784,0.010896483,2019,CD4 T
642,0.034986716,2258,CD4 T
742,0.036556605,1696,CD14+ Monocytes
961,0.015077821,2056,NK CELLS
906,0.02101643,2617,FCGR3A+ Monocytes
829,0.008522728,2816,CD4 T
621,0.00984366,1727,B CELLS
822,0.016542597,2418,CD4 T
717,0.021355618,2154,CD4 T
1210,0.03314755,3409,FCGR3A+ Monocytes
800,0.011145273,2602,CD4 T
1963,0.01120214,5981,CD8 T
749,0.030372757,2173,CD8 T
757,0.014492754,2001,CD14+ Monocytes
570,0.023255814,1247,CD4 T
831,0.019886363,2464,CD4 T
721,0.011695907,1881,CD4 T
336,0.019639935,611,B CELLS
802,0.02498904,2281,CD4 T
1001,0.030534351,3144,CD14+ Monocytes
886,0.010144928,2070,CD4 T
631,0.024404086,1762,CD4 T
759,0.027851459,2262,CD4 T
631,0.015421115,1686,CD14+ Monocytes
550,0.013620072,1395,CD4 T
984,0.028651014,2513,Megakaryocytes
767,0.016557734,2295,CD4 T
835,0.021052632,1995,NK CELLS
777,0.017550858,2507,CD4 T
639,0.013863773,1659,B CELLS
860,0.009878419,2632,CD4 T
1413,0.032868218,3225,NK CELLS
747,0.01537673,1951,CD4 T
779,0.010544074,2371,CD4 T
540,0.028809704,1319,B CELLS
367,0.047210302,699,CD14+ Monocytes
1629,0.021438217,5924,Dendritic
1380,0.027490541,3965,FCGR3A+ Monocytes
689,0.023004694,2130,CD4 T
1001,0.009886488,2731,CD14+ Monocytes
809,0.011836735,2450,CD4 T
337,0.018518519,648,B CELLS
1103,0.04494382,3293,CD14+ Monocytes
796,0.010608856,2168,CD4 T
966,0.04197448,2978,CD4 T
782,0.038388625,2110,CD4 T
1018,0.013057672,2757,CD4 T
642,0.016534392,1512,B CELLS
967,0.02186805,2698,CD4 T
436,0.01814882,1102,CD4 T
826,0.03383948,2305,CD14+ Monocytes
779,0.028301887,2014,CD8 T
1000,0.014906027,3086,CD4 T
601,0.03909874,1509,CD8 T
796,0.019791292,2779,CD4 T
945,0.02408785,2823,CD4 T
1679,0.018011527,5552,B CELLS
1123,0.023609817,3219,CD14+ Monocytes
596,0.011296076,1682,CD4 T
995,0.014091123,2129,CD8 T
720,0.010240655,1953,CD4 T
588,0.027522936,1417,CD14+ Monocytes
759,0.026219193,1907,CD14+ Monocytes
452,0.029475983,916,CD14+ Monocytes
780,0.021714922,1796,CD8 T
836,0.004990403,2605,CD4 T
515,0.03914591,1124,CD14+ Monocytes
846,0.016242156,2709,CD4 T
392,0.019280206,778,CD14+ Monocytes
283,0.028892456,623,Megakaryocytes
710,0.026067665,1803,CD4 T
1158,0.024913093,3452,CD14+ Monocytes
796,0.032159932,2301,CD4 T
895,0.0178943,2403,CD14+ Monocytes
585,0.04367816,1740,B CELLS
559,0.00937951,1386,CD14+ Monocytes
859,0.011208577,2052,CD4 T
879,0.033692256,2879,CD4 T
858,0.019833948,2168,CD8 T
842,0.023312883,1630,NK CELLS
643,0.021350259,1733,CD4 T
1308,0.012006861,3498,CD4 T
595,0.023148147,1512,B CELLS
1181,0.04868578,3348,CD14+ Monocytes
909,0.007874016,2667,CD4 T
710,0.015097691,2252,CD4 T
821,0.03821363,2172,CD8 T
817,0.024209486,2024,B CELLS
841,0.012328767,2190,CD4 T
1197,0.01626506,3320,CD14+ Monocytes
640,0.010939511,1554,CD14+ Monocytes
1425,0.028058361,4455,Dendritic
947,0.022664836,2912,CD4 T
900,0.032554258,2396,CD14+ Monocytes
852,0.030647554,2023,CD8 T
460,0.025806451,930,CD14+ Monocytes
1100,0.028562048,3046,CD8 T
824,0.019820971,3128,CD4 T
780,0.013734467,1529,NK CELLS
932,0.016068758,2676,B CELLS
542,0.027210884,1323,B CELLS
1137,0.01582562,3349,B CELLS
1225,0.01487779,3764,CD14+ Monocytes
997,0.011717546,3243,CD8 T
572,0.009463723,1585,CD4 T
780,0.020111732,1790,CD14+ Monocytes
765,0.023394724,2009,CD14+ Monocytes
906,0.015971148,1941,NK CELLS
793,0.021188201,2407,CD4 T
753,0.021926053,2326,CD4 T
772,0.019326339,1811,CD8 T
854,0.017358491,2650,CD8 T
936,0.013638039,2713,CD4 T
1048,0.018348623,3052,CD4 T
819,0.03120429,2051,CD8 T
645,0.016436903,1886,B CELLS
619,0.015683815,1594,CD4 T
314,0.03024911,562,CD14+ Monocytes
726,0.031804282,1635,CD4 T
737,0.023157895,1900,CD4 T
1162,0.019443614,3343,CD14+ Monocytes
1081,0.02148273,2374,NK CELLS
868,0.017712178,2710,CD4 T
1032,0.022315653,3092,CD14+ Monocytes
913,0.015812995,2909,CD4 T
476,0.032527883,1076,B CELLS
490,0.024390243,1107,CD8 T
799,0.022168675,2075,B CELLS
1201,0.013337038,3599,FCGR3A+ Monocytes
997,0.011801731,2542,CD4 T
898,0.014956163,1939,NK CELLS
212,0.012173913,575,Megakaryocytes
1586,0.02715444,5303,CD8 T
427,0.030337078,890,CD4 T
947,0.016783763,2562,CD4 T
937,0.010804769,2684,CD14+ Monocytes
724,0.025924351,2353,CD4 T
380,0.035842296,837,CD4 T
715,0.021017699,1808,CD4 T
739,0.006024096,1494,NK CELLS
931,0.014250956,2877,CD4 T
973,0.013389441,2614,CD4 T
773,0.02417498,2606,CD8 T
1497,0.017575484,4438,CD8 T
906,0.007137193,2522,CD4 T
798,0.02052506,2095,FCGR3A+ Monocytes
953,0.007103394,2534,CD4 T
471,0.006666667,1200,CD4 T
821,0.017055145,1759,CD4 T
806,0.016717326,1974,CD8 T
714,0.014939759,2075,CD4 T
828,0.033626486,1933,CD8 T
727,0.031627133,2403,CD4 T
773,0.016113743,2110,CD4 T
976,0.005343198,2433,NK CELLS
856,0.016885553,2665,CD4 T
727,0.01878788,1650,CD8 T
761,0.020861074,2253,CD4 T
1084,0.019061167,3515,CD14+ Monocytes
1557,0.025005788,4319,FCGR3A+ Monocytes
693,0.018702513,1711,B CELLS
559,0.022648083,1148,CD14+ Monocytes
627,0.043142304,1553,CD14+ Monocytes
795,0.026301663,1863,CD8 T
750,0.023444977,2090,CD4 T
838,0.012583893,2384,CD4 T
803,0.020719312,2558,CD4 T
453,0.016917294,1064,CD4 T
734,0.022707423,2290,CD4 T
607,0.01710731,1929,CD4 T
1029,0.017538162,3079,CD14+ Monocytes
805,0.019674936,2338,CD4 T
669,0.0323496,1762,B CELLS
505,0.010711554,1307,B CELLS
858,0.027728872,2272,CD4 T
832,0.02369439,2068,CD14+ Monocytes
1019,0.018666666,3000,CD4 T
585,0.023876404,1424,CD14+ Monocytes
1225,0.03455571,4254,CD4 T
1287,0.020828228,4081,CD4 T
903,0.024498885,2245,CD8 T
752,0.015859408,2333,CD4 T
2020,0.010576352,8415,Dendritic
774,0.025723472,2177,B CELLS
666,0.02583799,1432,CD14+ Monocytes
843,0.018465327,2437,B CELLS
857,0.033467744,2480,CD8 T
887,0.016357206,2262,CD4 T
1082,0.02071783,3427,CD4 T
656,0.015254238,1770,B CELLS
674,0.019507186,1948,CD4 T
911,0.01655629,1812,NK CELLS
734,0.031598512,1614,NK CELLS
910,0.006782216,2654,CD4 T
672,0.021803182,1697,B CELLS
802,0.009137636,1751,CD4 T
539,0.017479971,1373,CD4 T
699,0.014522822,1928,CD4 T
941,0.023298144,2747,CD4 T
828,0.028320312,2048,CD14+ Monocytes
800,0.026200874,2290,CD8 T
642,0.03021148,1655,CD14+ Monocytes
733,0.019607844,2091,CD4 T
607,0.015613383,1345,CD14+ Monocytes
992,0.012377138,2747,CD4 T
379,0.018541409,809,CD14+ Monocytes
562,0.02057067,1507,B CELLS
847,0.0113018,2389,CD4 T
787,0.028289756,2333,CD14+ Monocytes
1461,0.012017167,4660,CD14+ Monocytes
732,0.024793388,1694,B CELLS
941,0.014359352,2716,CD14+ Monocytes
785,0.012007685,2082,CD4 T
696,0.017216643,1394,NK CELLS
795,0.01686874,1897,CD4 T
809,0.02013889,1440,CD8 T
828,0.020905923,2296,CD4 T
651,0.024563318,1832,CD14+ Monocytes
882,0.010195758,2452,CD8 T
972,0.022610921,2344,CD8 T
1323,0.01791639,4521,CD14+ Monocytes
679,0.024377318,1887,B CELLS
774,0.016136687,2107,B CELLS
784,0.020833334,2304,B CELLS
766,0.008374385,2030,CD4 T
520,0.02110818,1137,B CELLS
671,0.028985508,1449,CD14+ Monocytes
796,0.035795197,2207,CD14+ Monocytes
644,0.025507795,2117,CD4 T
1549,0.01604278,5049,FCGR3A+ Monocytes
756,0.016595745,2350,CD4 T
723,0.018393623,1631,CD8 T
788,0.024701195,2510,CD4 T
643,0.028144745,1741,CD8 T
856,0.026033059,2420,CD8 T
825,0.028050492,2139,CD14+ Monocytes
730,0.010956176,2008,CD4 T
831,0.019722098,2231,CD14+ Monocytes
653,0.033836856,1655,B CELLS
429,0.004188482,955,CD14+ Monocytes
641,0.024404762,1680,B CELLS
637,0.04150454,1542,CD14+ Monocytes
812,0.03223174,2451,CD4 T
1527,0.027244218,5102,FCGR3A+ Monocytes
859,0.02223137,2429,CD4 T
972,0.017150858,2857,CD14+ Monocytes
744,0.017619252,2327,CD4 T
869,0.015586946,2053,NK CELLS
508,0.02356021,1146,CD14+ Monocytes
624,0.008638212,1968,CD4 T
923,0.027577939,2502,CD14+ Monocytes
976,0.019719545,2282,CD8 T
801,0.017027864,1938,CD8 T
1014,0.03028144,2807,CD4 T
1429,0.014338973,3487,CD4 T
586,0.014204546,1408,CD4 T
692,0.02993348,1804,CD4 T
704,0.021276595,1739,CD8 T
1176,0.017916208,3628,CD4 T
806,0.018621974,2148,CD14+ Monocytes
883,0.024207747,2272,CD8 T
1249,0.032112844,3332,CD8 T
765,0.006637168,2260,CD4 T
743,0.010348071,2126,CD4 T
907,0.024337867,2794,CD4 T
666,0.029869322,1607,B CELLS
669,0.006868132,1456,CD8 T
364,0.029622063,979,Megakaryocytes
794,0.018827327,1859,CD8 T
959,0.011704463,2734,CD4 T
766,0.013274336,2260,CD4 T
937,0.011711712,3330,CD4 T
1398,0.027865881,4414,FCGR3A+ Monocytes
942,0.012528474,2634,CD4 T
1469,0.02529511,4744,CD14+ Monocytes
905,0.022180274,2119,CD14+ Monocytes
812,0.020645162,1550,NK CELLS
572,0.019650655,1832,CD4 T
1378,0.016490279,4063,B CELLS
1058,0.028791927,3369,FCGR3A+ Monocytes
1215,0.02109589,3650,CD14+ Monocytes
697,0.013550135,2214,CD4 T
531,0.009654063,1243,CD4 T
676,0.01530343,1895,CD8 T
1819,0.021172382,6329,CD4 T
503,0.020091325,1095,B CELLS
801,0.02447217,2084,CD8 T
943,0.009349436,2567,CD4 T
874,0.026589595,2595,CD14+ Monocytes
813,0.016938899,1653,NK CELLS
694,0.018081367,1991,CD4 T
494,0.024571855,1343,B CELLS
660,0.008970976,1895,CD4 T
1467,0.03223684,4560,FCGR3A+ Monocytes
976,0.022719076,2773,CD4 T
833,0.018813314,2764,CD4 T
689,0.016675089,1979,CD4 T
921,0.027428571,2625,CD4 T
625,0.024441341,1432,B CELLS
1428,0.020486267,4442,CD8 T
817,0.016037736,2120,B CELLS
909,0.020955166,2052,NK CELLS
956,0.00842001,2019,NK CELLS
765,0.02264151,2650,CD4 T
1207,0.019587083,3778,B CELLS
829,0.026971802,2447,CD4 T
1648,0.016237494,6097,Dendritic
554,0.035277177,1389,CD4 T
1500,0.02675518,4971,CD14+ Monocytes
953,0.005938785,2189,FCGR3A+ Monocytes
647,0.017554479,1652,B CELLS
537,0.043365136,1153,CD8 T
786,0.016081871,2052,CD4 T
814,0.01895344,2427,CD4 T
761,0.021319121,1501,NK CELLS
862,0.022213856,2656,CD4 T
838,0.009483667,1898,CD8 T
1102,0.019451812,2262,NK CELLS
1392,0.010696405,4394,CD14+ Monocytes
1042,0.01953125,3840,CD4 T
372,0.004241782,943,CD4 T
971,0.021544715,2460,CD8 T
1364,0.02524797,4436,FCGR3A+ Monocytes
1137,0.019671073,3101,CD14+ Monocytes
847,0.022481266,2402,CD4 T
935,0.022709778,2598,CD14+ Monocytes
710,0.02209596,1584,CD8 T
1070,0.01868613,3425,CD4 T
914,0.010657194,2815,B CELLS
855,0.01517067,2373,CD4 T
759,0.01916462,2035,CD4 T
654,0.015636634,1343,B CELLS
981,0.014524329,2754,CD14+ Monocytes
1193,0.017672151,3282,CD14+ Monocytes
397,0.011011011,999,Megakaryocytes
1123,0.019480519,3388,B CELLS
616,0.013439522,2009,CD4 T
747,0.021761658,1930,CD14+ Monocytes
876,0.02142579,2567,CD4 T
949,0.014189988,2537,CD4 T
965,0.020198561,2921,CD4 T
789,0.014480409,2348,CD4 T
752,0.040625,1920,CD14+ Monocytes
717,0.026355047,2011,B CELLS
1198,0.019442985,3806,CD14+ Monocytes
952,0.030139452,2223,NK CELLS
625,0.037593983,1729,CD14+ Monocytes
784,0.02131879,2017,B CELLS
914,0.015533981,2060,NK CELLS
659,0.009556314,1465,CD14+ Monocytes
913,0.015781922,2788,CD4 T
863,0.012669288,2289,CD4 T
959,0.022911526,2837,CD14+ Monocytes
1637,0.020620544,5189,CD14+ Monocytes
796,0.011592958,2329,CD4 T
1508,0.02232502,4972,FCGR3A+ Monocytes
906,0.025,2360,CD4 T
714,0.01584343,2146,CD4 T
1195,0.021345029,3420,CD14+ Monocytes
867,0.01349892,1852,CD4 T
819,0.03218495,2206,CD4 T
375,0.027104137,701,B CELLS
656,0.033333335,1740,B CELLS
1047,0.027687777,3395,CD4 T
745,0.02935606,2112,CD4 T
866,0.015540296,2767,CD4 T
1186,0.009557945,4185,CD4 T
1669,0.019710282,4211,NK CELLS
539,0.014459665,1314,CD4 T
942,0.02172196,2532,CD14+ Monocytes
839,0.028387098,2325,CD4 T
927,0.02200393,2545,CD4 T
796,0.016048145,1994,CD14+ Monocytes
734,0.016957862,1946,CD4 T
831,0.032846715,2466,CD8 T
967,0.023017902,3128,CD4 T
620,0.03210273,1246,CD4 T
814,0.035537563,2223,CD8 T
605,0.016656386,1621,CD4 T
1391,0.036895975,4201,FCGR3A+ Monocytes
655,0.017857144,1792,B CELLS
1512,0.012826087,4600,FCGR3A+ Monocytes
625,0.015022861,1531,CD4 T
719,0.030962748,2067,CD14+ Monocytes
547,0.023174157,1424,CD14+ Monocytes
864,0.037068598,2347,CD14+ Monocytes
902,0.027787674,2807,CD4 T
853,0.01857355,2692,CD4 T
1143,0.020070517,3687,CD14+ Monocytes
990,0.017226148,2264,CD4 T
858,0.018451845,2222,CD4 T
604,0.027445462,1421,CD4 T
1291,0.023571428,4200,CD14+ Monocytes
701,0.02787663,1686,CD8 T
859,0.008015087,2121,NK CELLS
768,0.00610687,1965,CD4 T
1621,0.031592887,5286,FCGR3A+ Monocytes
715,0.02101293,1856,B CELLS
594,0.022480058,1379,B CELLS
783,0.01734104,1557,NK CELLS
1608,0.014962121,5280,CD4 T
927,0.016371533,2993,CD4 T
740,0.01911157,1936,B CELLS
805,0.014184397,2256,CD4 T
705,0.025279248,1701,CD14+ Monocytes
491,0.01417004,988,B CELLS
514,0.031224322,1217,CD4 T
768,0.023105858,1861,CD14+ Monocytes
880,0.014907807,2549,CD4 T
993,0.009270704,3236,CD4 T
356,0.037333332,750,CD4 T
748,0.016939892,1830,CD14+ Monocytes
993,0.015625,2304,NK CELLS
801,0.013008812,2383,CD4 T
843,0.028491031,2843,CD4 T
1194,0.013911182,3738,CD14+ Monocytes
794,0.029464286,2240,B CELLS
606,0.01159047,1553,CD4 T
810,0.018154312,1983,NK CELLS
882,0.018628616,2523,CD4 T
682,0.015436241,1490,B CELLS
1126,0.01569448,3823,CD4 T
792,0.018090453,1990,CD4 T
829,0.02764706,1700,NK CELLS
1657,0.032003086,5187,B CELLS
786,0.016422287,1705,CD8 T
610,0.01939925,1598,B CELLS
664,0.041509435,1590,CD4 T
790,0.012233801,2207,CD4 T
852,0.023572076,2206,CD14+ Monocytes
678,0.013129103,1371,CD8 T
589,0.021252153,1741,CD4 T
930,0.020496894,3220,CD4 T
690,0.033736154,1986,CD4 T
840,0.010026996,2593,CD4 T
647,0.020110957,1442,B CELLS
622,0.03454774,1592,B CELLS
427,0.022167487,812,CD8 T
856,0.012360211,1699,NK CELLS
522,0.02636204,1138,CD4 T
1262,0.022350993,3624,FCGR3A+ Monocytes
722,0.020319303,2067,CD4 T
641,0.014831717,1753,CD4 T
997,0.013282732,3162,CD4 T
983,0.02211411,2261,CD8 T
1099,0.029018885,2171,NK CELLS
607,0.022166247,1985,CD4 T
704,0.048971597,2042,CD8 T
947,0.012531328,2793,CD4 T
886,0.017383747,2301,CD8 T
1062,0.022522522,3330,CD14+ Monocytes
659,0.011550152,1645,B CELLS
995,0.012692967,2915,CD4 T
492,0.02690167,1078,CD8 T
754,0.029859485,1708,CD4 T
676,0.03091266,2038,B CELLS
837,0.018489985,2596,CD4 T
532,0.007751938,1161,B CELLS
598,0.017159764,1690,B CELLS
1274,0.013561511,3097,Dendritic
921,0.012073272,2402,CD8 T
700,0.014643075,1639,CD14+ Monocytes
828,0.027647365,1917,CD8 T
828,0.021880064,2468,CD4 T
543,0.02047502,1221,B CELLS
815,0.036664993,1991,CD4 T
709,0.038665254,1888,B CELLS
842,0.030127462,1726,CD4 T
1200,0.018937252,3538,CD4 T
1126,0.024660913,3244,FCGR3A+ Monocytes
1327,0.018134033,3805,CD14+ Monocytes
849,0.019057892,2781,CD4 T
1160,0.021276595,4042,CD4 T
707,0.008278145,1812,CD4 T
675,0.01864101,1663,CD14+ Monocytes
709,0.030551009,1833,B CELLS
990,0.02025618,3357,CD4 T
270,0,652,CD4 T
445,0.016967127,943,CD4 T
892,0.035358116,2206,CD8 T
1040,0.035946082,2003,NK CELLS
832,0.01556196,1735,NK CELLS
815,0.015349887,2215,CD4 T
437,0.048879836,982,CD4 T
1401,0.021954162,4145,FCGR3A+ Monocytes
1341,0.043099023,3898,FCGR3A+ Monocytes
480,0.016443988,973,CD14+ Monocytes
1517,0.024424994,4913,FCGR3A+ Monocytes
704,0.02379747,1975,CD8 T
622,0.015643803,1662,CD4 T
823,0.018238435,2248,CD4 T
731,0.033992898,1971,B CELLS
781,0.014932338,2143,CD4 T
849,0.0143747,2087,CD4 T
1209,0.03152412,3648,FCGR3A+ Monocytes
472,0.014897579,1074,CD14+ Monocytes
838,0.02739726,1971,CD8 T
643,0.02503383,1478,NK CELLS
1101,0.026031746,3150,FCGR3A+ Monocytes
879,0.025171624,2185,CD8 T
895,0.024106758,2323,CD14+ Monocytes
408,0.013640239,1173,CD4 T
832,0.024894068,1888,CD8 T
845,0.012786762,2659,CD8 T
928,0.020655738,3050,CD4 T
920,0.010355029,2028,NK CELLS
1269,0.025771812,3725,FCGR3A+ Monocytes
652,0.03350328,1373,CD4 T
1463,0.011851016,3544,NK CELLS
840,0.023244312,2022,B CELLS
706,0.024775961,1897,CD4 T
956,0.02550255,3333,B CELLS
1219,0.018187067,3464,CD14+ Monocytes
612,0.029624278,1384,B CELLS
970,0.016500516,2909,CD14+ Monocytes
789,0.008347979,2276,CD4 T
382,0.038509317,805,CD14+ Monocytes
533,0.048913043,1288,CD4 T
627,0.021022456,2093,CD4 T
388,0.03076923,780,CD8 T
655,0.01892552,1638,CD14+ Monocytes
1103,0.018117543,2263,NK CELLS
782,0.009057971,2208,CD4 T
1231,0.024240231,2764,NK CELLS
617,0.014959724,1738,CD4 T
589,0.01807724,1217,CD8 T
758,0.010144928,2070,CD14+ Monocytes
882,0.02764761,2134,CD8 T
909,0.032158077,2581,FCGR3A+ Monocytes
661,0.019575857,1839,CD4 T
558,0.03387221,1299,CD14+ Monocytes
947,0.015897635,2579,CD4 T
491,0.016638935,1202,CD4 T
1386,0.021579321,4217,CD14+ Monocytes
1481,0.034995627,4572,FCGR3A+ Monocytes
823,0.036150236,2130,CD8 T
1064,0.025678119,2765,FCGR3A+ Monocytes
681,0.01946472,1644,B CELLS
652,0.018894332,1429,CD8 T
363,0.006188119,808,B CELLS
824,0.012564992,2308,CD4 T
933,0.019145804,2037,NK CELLS
611,0.014811276,2093,CD4 T
886,0.010993177,2638,CD4 T
806,0.026996626,1778,CD8 T
531,0.020392157,1275,B CELLS
864,0.0300975,2359,CD8 T
648,0.012368584,1617,CD4 T
1142,0.02595322,3121,FCGR3A+ Monocytes
736,0.018957347,1688,CD8 T
955,0.026816946,2573,CD14+ Monocytes
826,0.012516763,2237,CD4 T
725,0.022241231,2338,CD4 T
1174,0.027427724,4047,FCGR3A+ Monocytes
841,0.013525699,2218,CD4 T
1006,0.013766325,2833,CD4 T
1418,0.029812055,4629,FCGR3A+ Monocytes
955,0.015947467,3198,CD4 T
829,0.006839277,2047,CD8 T
1038,0.025133522,3183,CD14+ Monocytes
632,0.007323569,1502,B CELLS
750,0.022461815,2226,CD4 T
846,0.010033445,2093,B CELLS
1033,0.016059538,2553,CD4 T
859,0.017628206,2496,CD4 T
890,0.021393035,2010,CD8 T
893,0.010622155,2636,CD4 T
1030,0.019894311,3217,CD14+ Monocytes
913,0.03544451,1721,NK CELLS
1385,0.024180034,4177,FCGR3A+ Monocytes
750,0.020903954,1770,CD4 T
416,0.020987654,810,CD14+ Monocytes
703,0.014560279,1717,B CELLS
522,0.01631913,1103,CD14+ Monocytes
856,0.017452007,2865,CD4 T
914,0.008797654,2387,CD4 T
742,0.02628866,1940,CD8 T
381,0.007838746,893,CD4 T
1079,0.026522001,3318,CD4 T
671,0.0216763,1384,NK CELLS
1101,0.016923655,2659,CD8 T
858,0.010370961,2507,CD4 T
663,0.022020726,1544,CD8 T
581,0.023754789,1305,CD8 T
845,0.014726185,2173,FCGR3A+ Monocytes
881,0.01023622,2540,CD14+ Monocytes
823,0.031905197,2194,CD4 T
835,0.04330393,2494,CD4 T
1290,0.015962163,3383,CD4 T
598,0.022192333,1487,B CELLS
1130,0.024420401,3235,CD8 T
793,0.03337169,2607,CD4 T
838,0.0136876,2484,CD4 T
765,0.021369863,1825,CD4 T
768,0.011820331,2115,CD14+ Monocytes
815,0.010778443,2505,CD4 T
810,0.023738872,1685,NK CELLS
912,0.028070176,2280,CD14+ Monocytes
818,0.018653987,2734,B CELLS
790,0.02383222,2098,CD8 T
665,0.017722879,1862,CD4 T
703,0.01771031,1581,B CELLS
875,0.011348005,2908,CD4 T
657,0.011695907,1368,B CELLS
1567,0.014288266,5599,CD4 T
688,0.015209125,2104,CD4 T
749,0.017463235,2176,B CELLS
1076,0.031336088,2904,CD4 T
782,0.012488437,2162,CD4 T
543,0.03683241,1086,NK CELLS
1100,0.016057935,3176,Dendritic
841,0.026521739,2300,CD4 T
809,0.012738854,2512,CD4 T
789,0.017867113,1791,CD8 T
1263,0.01692674,3781,FCGR3A+ Monocytes
758,0.02487805,2050,CD14+ Monocytes
368,0.008759124,685,B CELLS
1022,0.022638563,2562,CD14+ Monocytes
730,0.037138175,1831,CD14+ Monocytes
1101,0.013325257,3302,CD14+ Monocytes
478,0.016829053,1129,CD14+ Monocytes
488,0.029442692,951,CD8 T
618,0.016926201,1477,B CELLS
940,0.012118987,2723,CD4 T
771,0.020683452,2224,CD4 T
784,0.033496734,2448,CD4 T
847,0.025069637,2154,CD14+ Monocytes
1303,0.01959161,3624,CD14+ Monocytes
821,0.02199736,2273,CD8 T
1111,0.024813155,3345,CD14+ Monocytes
752,0.0261348,2181,CD4 T
1128,0.014423077,2912,FCGR3A+ Monocytes
958,0.020216104,2869,FCGR3A+ Monocytes
742,0.025587467,1915,CD8 T
782,0.021107128,2511,CD4 T
824,0.01923077,2028,B CELLS
751,0.023886083,2177,CD4 T
872,0.017374517,2590,CD4 T
939,0.045327105,2140,CD8 T
606,0.019205298,1510,B CELLS
698,0.011117287,1799,CD4 T
705,0.024440978,1923,CD4 T
963,0.014238411,3020,CD4 T
607,0.016103895,1925,CD4 T
621,0.017156864,1632,CD14+ Monocytes
1650,0.029679922,5155,CD4 T
1093,0.008819019,2608,CD4 T
545,0.022191402,1442,CD14+ Monocytes
670,0.004694836,1491,CD4 T
617,0.016533637,1754,CD4 T
723,0.021645023,1848,B CELLS
1194,0.019641541,4073,CD8 T
1019,0.009027987,3323,CD4 T
1291,0.0191052,4135,CD14+ Monocytes
758,0.013634427,2347,CD4 T
855,0.015734266,2288,CD4 T
1549,0.013242453,5135,CD8 T
743,0.03966942,1815,CD8 T
1372,0.020413063,4164,FCGR3A+ Monocytes
802,0.03283302,2132,CD14+ Monocytes
337,0.033282906,661,CD14+ Monocytes
1121,0.04038199,3665,CD14+ Monocytes
1028,0.018464528,3087,CD4 T
1524,0.028619528,4752,FCGR3A+ Monocytes
645,0.024727272,1375,B CELLS
847,0.019136807,2456,CD4 T
866,0.021445591,2518,CD4 T
941,0.017900338,2067,NK CELLS
751,0.018210197,1922,CD4 T
583,0.013280213,1506,CD14+ Monocytes
796,0.015349887,2215,CD4 T
793,0.023409894,2264,CD4 T
975,0.012740934,3061,CD4 T
936,0.01724721,2957,CD4 T
524,0.045945946,1110,CD8 T
659,0.024416711,1843,CD4 T
607,0.026780628,1755,B CELLS
1433,0.036333412,4211,FCGR3A+ Monocytes
562,0.012573965,1352,B CELLS
696,0.036697246,1526,FCGR3A+ Monocytes
927,0.01318102,2276,CD4 T
517,0.029838022,1173,B CELLS
719,0.018295404,2241,CD4 T
599,0.023157895,1900,CD4 T
639,0.015011547,1732,B CELLS
977,0.018064516,3100,CD4 T
1019,0.013834694,2819,CD4 T
816,0.029126214,2060,CD4 T
672,0.018213866,1702,CD14+ Monocytes
1903,0.016941102,6316,Dendritic
1162,0.02804878,2460,NK CELLS
964,0.016129032,2914,FCGR3A+ Monocytes
936,0.017470075,3091,CD4 T
947,0.007541478,2652,CD4 T
989,0.012833675,1948,NK CELLS
790,0.013742556,2183,CD4 T
902,0.01218638,2790,CD4 T
982,0.03251161,2799,FCGR3A+ Monocytes
673,0.022093635,1901,B CELLS
856,0.024796922,2339,B CELLS
629,0.03246295,1417,B CELLS
692,0.022988506,1827,CD4 T
843,0.02027027,2220,CD4 T
940,0.01898734,2844,B CELLS
795,0.019446846,2314,B CELLS
780,0.012820513,1950,B CELLS
821,0.023510972,1914,CD14+ Monocytes
471,0.017992424,1056,CD14+ Monocytes
702,0.028355388,1587,CD14+ Monocytes
631,0.02192134,1551,B CELLS
1557,0.02770689,5486,FCGR3A+ Monocytes
868,0.024313372,2221,CD8 T
901,0.017348608,3055,CD4 T
798,0.025471698,2120,CD14+ Monocytes
1020,0.029434547,2582,CD8 T
885,0.034136545,1992,NK CELLS
881,0.014171512,2752,CD4 T
719,0.02456874,1913,B CELLS
1043,0.011466296,2878,CD4 T
1238,0.03549957,3493,FCGR3A+ Monocytes
565,0.024286581,1647,CD4 T
776,0.029993184,1467,NK CELLS
696,0.024788393,1654,CD8 T
725,0.013464526,1931,CD4 T
365,0.018705036,695,CD14+ Monocytes
811,0.02354788,1911,CD8 T
1212,0.03133369,3734,CD14+ Monocytes
1178,0.017146356,3266,CD4 T
1132,0.014889091,3291,CD14+ Monocytes
661,0.009930487,2014,CD4 T
831,0.01268797,2128,CD8 T
786,0.02374169,2106,CD14+ Monocytes
471,0.013949433,1147,CD4 T
835,0.009735202,2568,CD4 T
564,0.022045316,1633,B CELLS
929,0.018996961,2632,B CELLS
958,0.025703795,2451,CD8 T
706,0.025536854,1723,B CELLS
388,0.026041666,768,CD4 T
842,0.019379845,1806,CD14+ Monocytes
965,0.014129736,3114,CD4 T
1088,0.014198128,3099,CD4 T
511,0.018469658,1137,B CELLS
794,0.019649722,2341,CD14+ Monocytes
900,0.015524806,2963,CD8 T
865,0.0283176,1801,NK CELLS
789,0.01120283,1696,CD4 T
504,0.011711712,1110,FCGR3A+ Monocytes
701,0.018138425,2095,CD4 T
817,0.02053967,2483,CD4 T
796,0.019567456,1942,CD4 T
972,0.005845817,2737,CD14+ Monocytes
906,0.021464163,2609,CD4 T
871,0.016636528,2765,CD4 T
922,0.029991431,2334,CD14+ Monocytes
724,0.014373717,1461,NK CELLS
628,0.014107884,1205,NK CELLS
1479,0.016710822,4907,FCGR3A+ Monocytes
533,0.03152364,1142,B CELLS
1101,0.024810964,4232,CD4 T
1913,0.0272293,6280,Dendritic
855,0.02085793,2541,CD4 T
1266,0.013999517,4143,CD4 T
884,0.03492647,2176,CD8 T
817,0.013527054,1996,CD4 T
619,0.03245436,1479,B CELLS
591,0.021320496,1454,CD4 T
685,0.02187182,1966,CD4 T
887,0.03184944,2763,CD4 T
1336,0.019857809,4079,FCGR3A+ Monocytes
656,0.027805865,1978,CD4 T
1227,0.01549887,3097,CD8 T
980,0.01575985,2665,CD14+ Monocytes
817,0.023712182,2446,CD4 T
582,0.031585597,1583,CD4 T
1370,0.020447906,4108,FCGR3A+ Monocytes
460,0.007231405,968,CD8 T
638,0.0295858,1690,B CELLS
471,0.03884372,1107,CD4 T
650,0.026776519,1942,B CELLS
414,0.017688679,848,CD14+ Monocytes
907,0.03314917,2172,CD14+ Monocytes
1147,0.018475072,3410,FCGR3A+ Monocytes
732,0.030721966,1953,FCGR3A+ Monocytes
992,0.030205397,2483,CD8 T
801,0.034443818,1771,CD8 T
822,0.027384756,2191,CD4 T
529,0.019214703,1197,CD8 T
737,0.029572837,1826,CD8 T
806,0.015696784,2612,CD4 T
816,0.021938572,2507,CD4 T
889,0.03305785,2420,CD14+ Monocytes
1305,0.010140029,4142,CD4 T
588,0.032947462,1123,CD4 T
657,0.014221073,1547,B CELLS
1154,0.01734104,3287,CD4 T
713,0.022093635,1901,CD14+ Monocytes
326,0.027600849,942,Megakaryocytes
1129,0.025906736,3860,CD14+ Monocytes
1603,0.024850894,5030,Dendritic
879,0.021184778,2549,CD4 T
1156,0.017254902,2550,NK CELLS
642,0.01724138,1740,CD4 T
285,0.033492822,627,CD4 T
825,0.043460764,2485,CD4 T
823,0.015144959,2311,CD14+ Monocytes
719,0.020952381,2100,CD4 T
1253,0.01865369,3699,CD14+ Monocytes
971,0.04313591,2921,CD4 T
853,0.023647113,2199,CD8 T
916,0.016871706,2845,B CELLS
1053,0.031089978,2734,CD14+ Monocytes
515,0.034358047,1106,CD14+ Monocytes
1017,0.015706806,2674,CD4 T
953,0.030225784,2746,B CELLS
832,0.02423543,1733,NK CELLS
645,0.040236685,1690,CD4 T
667,0.02472383,1901,B CELLS
1326,0.03192244,4229,FCGR3A+ Monocytes
547,0.027863776,1292,CD4 T
636,0.018238993,1590,B CELLS
1783,0.022063594,6164,Dendritic
1211,0.021958606,3962,CD14+ Monocytes
788,0.013131715,2513,B CELLS
807,0.024478331,2492,B CELLS
1104,0.024664378,3203,CD4 T
884,0.023909396,2384,CD8 T
848,0.011939069,2429,CD4 T
788,0.023900574,2092,CD14+ Monocytes
1013,0.02012384,2584,FCGR3A+ Monocytes
1003,0.026136363,2640,CD14+ Monocytes
916,0.023553163,2972,CD4 T
818,0.019806152,2373,CD4 T
828,0.016229713,2403,CD4 T
882,0.028164117,2876,CD4 T
959,0.009501188,2526,CD14+ Monocytes
395,0.005908419,677,FCGR3A+ Monocytes
368,0.036755387,789,CD4 T
787,0.009730208,2261,CD4 T
929,0.017347308,2767,CD4 T
1379,0.022614028,5218,CD4 T
711,0.028648648,1850,CD14+ Monocytes
733,0.023976024,2002,CD4 T
752,0.008611956,1974,Dendritic
464,0.011639185,1031,CD4 T
626,0.017713366,1863,B CELLS
735,0.014636696,1913,CD14+ Monocytes
946,0.018518519,3024,CD8 T
876,0.01447619,2625,CD14+ Monocytes
647,0.038287155,1985,CD4 T
536,0.012333966,1054,CD14+ Monocytes
954,0.013225569,2722,B CELLS
486,0.016414141,792,NK CELLS
712,0.029751062,1647,CD8 T
786,0.032608695,1840,CD14+ Monocytes
438,0.029580154,1048,CD4 T
807,0.023056654,1518,NK CELLS
1016,0.018043684,3159,CD14+ Monocytes
551,0.003868472,1551,CD4 T
841,0.012358394,1942,FCGR3A+ Monocytes
929,0.022959184,2744,CD4 T
757,0.016519824,1816,CD4 T
971,0.026938478,2747,FCGR3A+ Monocytes
708,0.015191199,1909,CD4 T
567,0.028595459,1189,CD14+ Monocytes
881,0.011613439,2411,CD4 T
801,0.016080402,1990,CD8 T
873,0.013131313,1980,CD8 T
805,0.028812056,2256,CD4 T
1359,0.020018408,4346,CD14+ Monocytes
866,0.013237064,2493,CD4 T
945,0.012359984,2589,CD4 T
1068,0.010271703,3018,CD4 T
819,0.035697058,2073,CD14+ Monocytes
815,0.028391168,1585,NK CELLS
1058,0.014830508,2832,CD14+ Monocytes
845,0.016925892,2186,CD4 T
881,0.021225471,2497,B CELLS
1051,0.007194245,2641,CD4 T
1179,0.018898932,2434,NK CELLS
718,0.022413794,1740,FCGR3A+ Monocytes
657,0.014899714,1745,B CELLS
882,0.024059493,2286,FCGR3A+ Monocytes
709,0.016650809,2102,CD4 T
754,0.017386984,2013,B CELLS
735,0.013388259,1942,CD4 T
603,0.026636226,1314,B CELLS
944,0.029103216,2955,CD14+ Monocytes
1794,0.02444024,6342,Dendritic
712,0.010442566,2011,CD4 T
721,0.01758794,1990,CD8 T
1097,0.049938347,3244,CD14+ Monocytes
813,0.017227236,2438,CD4 T
788,0.021376435,1918,CD8 T
917,0.019821221,2573,CD14+ Monocytes
656,0.022692109,1939,CD4 T
1104,0.02059202,3108,CD14+ Monocytes
1268,0.024089307,3404,FCGR3A+ Monocytes
1239,0.011767531,4164,CD4 T
862,0.024042074,2662,CD14+ Monocytes
739,0.028683914,1778,B CELLS
858,0.021124104,2651,CD4 T
1066,0.02848392,3265,CD14+ Monocytes
752,0.017429939,2926,CD4 T
615,0.025336927,1855,B CELLS
721,0.019118428,1883,B CELLS
571,0.037760418,1536,B CELLS
861,0.013728964,2258,CD4 T
933,0.02224871,2517,CD4 T
807,0.0262418,2134,B CELLS
1082,0.018382354,2176,NK CELLS
820,0.013547841,2362,B CELLS
887,0.022875817,2754,CD4 T
850,0.011002445,2454,CD14+ Monocytes
1567,0.02116029,5671,Dendritic
803,0.023220595,1981,CD14+ Monocytes
1156,0.013047024,3679,FCGR3A+ Monocytes
721,0.013261297,2036,CD4 T
692,0.015168539,1780,CD8 T
700,0.034313727,1632,B CELLS
458,0.024546424,937,CD14+ Monocytes
637,0.018925056,1321,B CELLS
873,0.006858711,2187,CD4 T
1544,0.013019079,4455,Dendritic
1155,0.021104366,3459,CD14+ Monocytes
1227,0.00929422,3443,B CELLS
622,0.021971496,1684,B CELLS
454,0.020547945,1022,B CELLS
724,0.008064516,1984,CD4 T
